term,assignment,"Amaya, Frankie","Bouanga, Denis","Choiniere, Mathieu","Delgado, Mark","Ebobisse, Jeremy","Hasal, Thomas","Hollingshead, Ryan","Jesus, Igor","Lloris, Hugo","Long, Aaaron","Martinez, David","Moran, Andrew","Nielsen, Kenny","Ordaz, Nathan","Palencia, Sergi","Porteous, Ryan","Raposo, Ryan","Segura, Eddie","Smolyakov, Ardem","Son, Heung Min","Tafari, Nkosi","Tillman, Timothy","Yaboah, Yaw"
fall,1a,1.0,1.0,1.0,1.0,1.0,1.0,1.0,1.0,1.0,1.0,1.0,1.0,1.0,1.0,1.0,1.0,1.0,1.0,1.0,1.0,1.0,1.0,1.0
fall,1b,1,1,1,1,1,1,1,1,1,1,1,1,1,1,1,1,1,1,1,1,1,1,1
fall,1c,1,1,1,1,1,1,1,1,1,1,1,1,1,1,1,1,1,1,1,1,1,1,1
fall,2a,1,1,1,1,1,1,1,1,1,1,1,0.5,1,1,1,1,0.5,0.5,1,1,1,1,1
fall,2b,1,1,1,1,1,1,1,1,1,1,1,1,1,1,1,1,1,1,1,1,1,1,1
fall,2c,1,1,1,1,1,1,1,1,1,1,1,1,1,1,1,0.5,1,1,1,1,1,1,1
fall,3a,1,1,1,1,1,1,1,1,1,1,1,1,1,1,1,1,1,1,1,1,1,1,1
fall,3b,1,1,1,1,1,1,1,1,1,1,1,1,1,1,1,1,1,1,1,1,1,1,1
fall,3c,1,1,0.5,1,1,1,1,1,1,1,1,1,1,1,1,1,1,1,1,1,1,1,1
fall,4a,1,1,1,1,1,1,1,1,1,1,1,1,1,1,1,1,1,1,1,1,1,1,1
fall,4b,1,1,1,1,1,1,1,1,1,1,1,1,1,1,1,1,1,1,1,1,1,1,1
fall,4c,1,1,1,1,1,1,1,1,1,1,1,1,1,1,1,1,1,1,1,1,1,1,1
fall,5a,1,1,1,1,1,1,1,1,1,1,1,1,1,1,1,1,1,1,1,1,1,1,1
fall,5b,1,1,1,1,1,1,1,1,1,1,1,1,1,1,1,1,1,1,1,1,1,1,1
fall,5c,1,1,1,1,1,1,1,1,1,1,1,1,1,1,1,1,1,1,1,1,1,1,1
fall,6a,1,1,1,1,1,1,1,1,1,1,1,1,1,1,1,1,1,1,1,1,1,1,1
fall,6b,1,1,1,1,1,1,1,1,1,1,1,1,1,1,1,1,1,1,1,1,1,1,1
fall,6c,1,1,1,1,1,1,1,1,1,1,1,1,1,1,1,1,1,1,1,1,1,1,1
fall,7a,1,1,1,1,1,1,1,1,1,1,1,1,1,1,1,1,1,1,1,1,1,1,1
fall,7b,1,1,1,1,1,1,1,1,1,1,1,1,1,1,1,1,1,1,1,1,1,1,1
fall,7c,0,1,1,1,1,0.5,1,1,1,1,1,1,1,1,0,1,1,1,1,1,1,1,1
fall,8a,1,1,1,1,1,1,1,1,1,1,1,1,1,1,1,1,1,1,1,1,1,1,1
fall,8b,1,1,1,1,1,1,1,1,1,1,1,1,1,1,1,1,1,1,1,1,1,1,1
fall,8c,1,1,1,1,1,1,1,1,1,1,1,1,1,1,1,1,1,1,1,1,1,1,1
winter,1a,1,1,1,1,1,1,1,1,1,1,1,1,1,1,1,1,1,0.5,1,1,1,1,0.5
winter,1b,1,1,1,1,1,1,1,1,1,1,1,1,1,1,1,1,1,1,1,1,1,1,1
winter,1c,1,1,1,1,1,1,1,1,1,1,1,1,1,1,1,1,1,1,0.5,1,1,1,1
winter,2a,1,1,1,1,1,1,1,1,1,1,0.5,1,1,1,1,1,1,1,1,1,1,1,1
winter,2b,1,1,1,1,1,1,1,1,1,1,1,1,1,1,1,1,1,1,1,1,1,1,1
winter,2c,1,1,1,1,1,1,1,1,1,1,1,1,1,1,1,1,1,1,1,1,1,1,1
winter,3a,1,1,1,1,1,1,1,1,1,1,1,1,1,1,1,1,1,1,1,1,1,1,1
winter,3b,1,1,1,1,1,1,1,1,1,1,1,1,1,1,1,1,1,1,1,1,1,1,1
winter,3c,1,1,1,1,1,1,1,1,1,1,1,1,1,1,1,1,1,1,1,1,1,1,1
winter,4a,1,1,1,1,1,1,1,1,0,1,1,1,1,1,1,1,1,1,1,1,1,1,1
winter,4b,1,1,1,1,1,1,0,1,1,1,1,1,1,1,1,1,1,1,1,1,1,1,1
winter,4c,1,1,1,1,1,1,1,1,1,1,1,1,1,1,1,1,1,1,1,1,1,1,1
winter,5a,1,1,1,1,1,1,1,1,1,1,1,1,1,1,1,1,1,1,1,1,1,1,1
winter,5b,1,1,1,1,1,1,1,1,1,1,1,1,1,1,1,1,1,1,1,1,1,1,1
winter,5c,1,1,1,1,1,0.5,1,1,1,1,1,0.5,1,1,1,1,1,1,1,1,1,1,1
winter,6a,1,1,1,1,1,1,1,1,1,1,1,1,1,1,1,0,1,1,1,1,1,1,1
winter,6b,1,1,1,1,1,1,1,1,1,1,1,1,1,1,1,1,1,1,1,1,1,1,1
winter,6c,1,1,1,1,1,1,1,1,1,1,1,1,1,1,1,1,1,1,1,1,1,1,1
winter,7a,1,1,1,1,1,1,1,1,1,1,1,1,1,1,1,1,1,1,1,1,1,1,1
winter,7b,0.5,1,1,1,1,1,1,1,1,1,1,1,1,1,1,1,1,1,1,1,1,1,1
winter,7c,1,1,1,1,1,1,1,1,1,1,1,1,1,1,1,1,1,1,1,1,1,1,1
winter,8a,1,1,1,1,1,1,1,1,1,1,1,1,1,1,1,1,1,1,1,1,1,1,1
winter,8b,1,1,1,1,1,1,1,1,1,1,1,1,1,0.5,1,1,1,1,1,1,1,1,1
winter,8c,1,1,1,1,1,1,1,1,1,1,1,1,1,1,1,1,1,1,1,1,1,1,1
spring,1a,1,1,1,1,1,1,1,1,1,1,1,1,1,1,1,1,1,1,1,1,1,1,1
spring,1b,1,1,1,1,1,1,1,1,1,0,1,1,1,1,1,1,1,1,1,1,1,1,1
spring,1c,1,1,1,1,1,1,1,1,1,1,1,1,1,1,1,1,1,0,1,1,1,1,0
spring,2a,1,0,1,1,1,1,1,1,1,1,1,1,1,1,1,1,1,1,1,1,1,1,1
spring,2b,1,0.5,1,1,1,1,1,1,1,1,1,1,1,1,1,1,1,1,1,1,1,1,1
spring,2c,1,1,0,1,1,1,1,1,1,1,1,1,1,1,1,1,1,1,1,1,1,1,1
spring,3a,1,1,1,1,1,1,1,1,1,1,1,1,1,1,1,1,1,1,1,1,1,1,1
spring,3b,1,1,1,1,1,1,1,1,1,1,1,1,1,1,1,1,1,1,1,1,1,1,1
spring,3c,1,1,1,1,1,1,1,1,1,1,1,1,1,1,1,1,1,1,1,1,1,1,1
spring,4a,1,1,1,1,1,1,1,1,1,1,1,1,1,1,1,1,1,1,1,1,1,1,1
spring,4b,1,1,1,1,1,1,1,1,1,1,1,1,1,1,1,1,1,1,1,1,1,1,1
spring,4c,1,1,1,1,1,1,1,1,1,1,1,1,1,1,1,1,1,1,1,1,1,1,1
spring,5a,1,1,1,1,1,1,1,1,1,1,1,1,1,1,1,1,1,1,1,1,1,1,1
spring,5b,1,1,1,1,1,1,1,1,1,1,1,1,1,1,1,1,1,1,1,1,1,1,1
spring,5c,1,1,1,1,1,1,1,0.5,1,1,1,1,1,1,1,1,1,1,1,1,0.5,1,1
spring,6a,1,1,1,1,1,1,1,1,0.5,1,1,1,1,1,1,1,1,1,1,1,1,1,1
spring,6b,1,1,1,1,1,1,1,1,1,1,1,1,1,1,1,1,1,1,1,1,1,1,1
spring,6c,1,1,1,1,1,1,1,1,1,1,1,1,1,0.5,1,1,1,1,1,1,1,1,1
spring,7a,1,1,1,1,1,1,1,0.5,1,1,1,1,1,1,1,1,1,1,1,1,1,1,1
spring,7b,1,1,1,1,1,1,1,1,1,1,1,1,1,1,1,1,1,1,1,1,1,1,1
spring,7c,1,0.5,1,1,1,1,1,1,1,1,1,1,1,1,1,1,1,1,1,1,1,1,1
spring,8a,1,1,1,1,1,1,1,1,1,1,1,1,1,1,1,1,1,1,1,1,1,1,1
spring,8b,1,1,1,1,1,1,1,1,1,1,1,1,1,1,1,1,1,1,1,1,1,1,1
spring,8c,1,1,1,1,1,1,1,1,1,1,0.5,1,0.5,0.5,1,1,1,1,1,1,1,1,1