term,assignment,problem,points,counts toward grade,subject 1,subject 2,subject 3,lab,due date,grader,"Amaya, Frankie","Bouanga, Denis","Choiniere, Mathieu","Delgado, Mark","Ebobisse, Jeremy","Hasal, Thomas","Hollingshead, Ryan","Jesus, Igor","Lloris, Hugo","Long, Aaaron","Martinez, David","Moran, Andrew","Nielsen, Kenny","Ordaz, Nathan","Palencia, Sergi","Porteous, Ryan","Raposo, Ryan","Segura, Eddie","Smolyakov, Ardem","Son, Heung Min","Tafari, Nkosi","Tillman, Timothy","Yaboah, Yaw"
fall,1a,0,0,FALSE,,,,FALSE,2025-10-01,"dos santos, marc",3.4,3.5,3.4,3.6,4.6,3,2.8,2.4,2.6,3.6,2.3,2.7,4,3.2,2.5,2.8,2.8,3,2.8,3.4,2.8,3,2.7
fall,1a,1,9,TRUE,geology,,,FALSE,2025-10-01,"razov, ante",6.5,8.5,6.5,7.5,7,6,6.5,7,7,7.5,7.5,8.5,7.5,9,6,8,7.5,7.5,5.5,8.5,7,6.5,7.5
fall,1a,2,33,TRUE,chemistry,,,FALSE,2025-10-01,"thorrington, john",22.5,33,23.5,26,26,18,23,31,32.5,24.5,24,28.5,29.5,24.5,20,27,22.5,25,22.5,28.5,26,22,23.5
fall,1a,3,19,TRUE,geology,,,FALSE,2025-10-01,"nikolav, oka",18.5,19,15.5,15,15.5,16,15.5,14,12,16,16.5,15,16,16.5,16.5,16.5,15,16,15,19,16,15.5,14.5
fall,1a,4,38,TRUE,geology,biology,,FALSE,2025-10-01,"razov, ante",31.5,33,26,30.5,33.5,30,32.5,25,30,28,29.5,28,29.5,31.5,37,24,22.5,25.5,30.5,31,32.5,30.5,27.5
fall,1a,5,1,TRUE,chemistry,,,FALSE,2025-10-01,"dos santos, marc",1,1,1,1,0.5,0.5,0.5,1,1,1,1,1,1,0.5,1,1,1,1,0.5,1,0.5,0.5,1
fall,1b,0,0,FALSE,,,,FALSE,2025-10-02,"dos santos, marc",2.1,2.3,4,3.1,2.1,2.6,3.1,2.7,2.8,3,3.5,2.9,2.7,3,2.9,2.8,2.8,3,3.4,3.6,3,3.4,3.4
fall,1b,1,5,TRUE,chemistry,,,FALSE,2025-10-02,"dos santos, marc",4,5,4,4.5,3.5,4,3,4,4.5,4,4,4.5,4,4.5,4.5,3.5,4,4.5,3,4.5,4.5,4.5,4
fall,1b,2,3,TRUE,geology,,,FALSE,2025-10-02,"thorrington, john",2.5,3,2.5,2.5,2,2,2,2,2.5,2,2.5,2,3,3,2,3,2.5,2.5,2.5,3,2,2,2
fall,1b,3,29,TRUE,chemistry,,,FALSE,2025-10-02,"thorrington, john",29,28,25,23.5,20,25,25.5,25,19.5,26.5,21.5,20,29,27,27.5,26.5,22,24.5,18.5,24,25.5,23,19
fall,1b,4,7,TRUE,biology,geology,biology,FALSE,2025-10-02,"razov, ante",4.5,7,5,4.5,7,6,4.5,5,5,6,6,6,6,7,6.5,5.5,4.5,5,6,6.5,6,5.5,4
fall,1b,5,30,TRUE,math,,,FALSE,2025-10-02,"thorrington, john",24.5,28,24,26.5,27.5,25.5,20,27.5,26,25,23,26,29,26.5,22,21,30,22,22.5,29,25,21,21.5
fall,1b,6,2,TRUE,biology,chemistry,,FALSE,2025-10-02,"thorrington, john",1.5,1.5,1.5,1.5,1.5,2,2,1.5,1.5,1.5,1.5,1.5,1,1.5,1.5,1.5,1.5,1.5,2,1.5,1.5,2,1.5
fall,1b,7,21,TRUE,biology,physics,,FALSE,2025-10-02,"dos santos, marc",18.5,17.5,20,19,16.5,16,19,14.5,15,17.5,16.5,13.5,12.5,15,16,16.5,16,15,19.5,17.5,17.5,15,13.5
fall,1b,8,3,TRUE,physics,chemistry,,FALSE,2025-10-02,"nikolav, oka",2,2.5,3,2,2.5,2.5,2.5,2.5,2,2,2.5,2,2.5,2.5,2.5,2,2.5,2.5,2.5,2.5,2,2.5,2.5
fall,1c,0,0,FALSE,,,,FALSE,2025-10-03,"doran, enrique",2.8,2.7,3.7,3.1,2.6,3.2,2.6,2.4,2.8,3.3,3.1,3,null,3.1,2.5,3.3,2.4,2.3,2.8,3,2.9,2.7,2.7
fall,1c,1,100,TRUE,physics,,,FALSE,2025-10-03,"razov, ante",100,93,66,90,92.5,88.5,75,61.5,67,71.5,74.5,68,89.5,79.5,82.5,68.5,68.5,77,83,90.5,56.5,82,87
fall,2a,0,0,FALSE,,,,FALSE,2025-10-08,"cherundolo, steve",2.2,3.3,2.2,2.7,2.9,2.7,3.5,2.9,2.8,2.8,3.4,2.7,2.5,3.2,2.3,3.3,2.8,2.9,3.8,3.2,3.2,2.8,4.2
fall,2a,1,50,TRUE,chemistry,,,FALSE,2025-10-08,"cherundolo, steve",37,40.5,36,33,43,48.5,45.5,39.5,39,44,44,31,31,40,37.5,40,35,33.5,31.5,50,44.5,35,36
fall,2a,2,2,TRUE,physics,,,FALSE,2025-10-08,"dos santos, marc",1.5,2,1.5,1.5,1.5,2,1.5,1.5,2,1.5,2,1.5,1.5,1.5,1.5,1.5,1.5,1.5,1.5,2,1.5,1.5,1.5
fall,2a,3,4,TRUE,chemistry,physics,biology,FALSE,2025-10-08,"thorrington, john",3.5,3,3,4,3.5,3.5,3.5,3.5,3,3.5,3.5,3.5,4,3.5,3.5,3.5,4,3,3.5,3.5,4,3,3.5
fall,2a,4,17,TRUE,physics,,,FALSE,2025-10-08,"cherundolo, steve",13,17,13,11.5,14,13,15.5,15,14.5,13.5,17,11.5,15,16,10,14,11.5,14.5,13.5,13,12.5,10,17
fall,2a,5,5,TRUE,physics,physics,geology,FALSE,2025-10-08,"razov, ante",4,4.5,4,4,4.5,4.5,4,4,4,3.5,4,3.5,4,2.5,3.5,4,5,3,4.5,4,4,4,4
fall,2a,6,1,TRUE,biology,,,FALSE,2025-10-08,"nikolav, oka",1,1,0.5,1,0.5,0.5,0.5,1,1,1,1,1,1,1,1,1,0.5,1,0.5,1,0.5,0.5,1
fall,2a,7,11,TRUE,geology,math,,FALSE,2025-10-08,"nikolav, oka",9,10,8.5,8.5,9.5,8.5,7.5,7,9,9,7.5,7,7.5,8,8,8.5,9.5,8.5,9.5,11,9.5,8.5,7.5
fall,2a,8,9,TRUE,biology,,,FALSE,2025-10-08,"thorrington, john",7.5,8.5,8,6.5,6.5,6.5,7.5,5.5,6.5,8,7.5,7.5,8,7.5,6.5,7,7,7,6.5,6.5,7,6,6
fall,2a,9,1,TRUE,math,,,FALSE,2025-10-08,"dos santos, marc",0.5,1,0.5,0.5,0.5,0.5,0.5,0.5,1,1,1,0.5,1,1,0.5,0.5,0.5,1,1,1,1,1,1
fall,2b,0,0,FALSE,,,,FALSE,2025-10-09,"dos santos, marc",2.3,3,3.9,2.7,3.5,2.7,2.6,2.8,3.9,2.9,3.2,2.7,3.5,3.2,null,2.1,3.2,3.5,3.1,3.2,2.8,3.2,1.5
fall,2b,1,56,TRUE,chemistry,physics,,FALSE,2025-10-09,"cherundolo, steve",44.5,47,41,39.5,41,37.5,36,43,40,40,39.5,41.5,45,39,56,38,39,39,37,56,41,41.5,44.5
fall,2b,2,44,TRUE,chemistry,physics,,FALSE,2025-10-09,"nikolav, oka",36,42,30,38.5,37.5,31.5,44,33,41,38,35.5,38,36,42,32,39,40,32.5,36.5,44,35.5,38.5,40.5
fall,2c,0,0,FALSE,,,,FALSE,2025-10-10,"nikolav, oka",2.3,3.1,3.3,2.3,2.5,4,null,2.2,3.2,3,3.2,3.4,2.7,2.7,2.5,2.4,3.2,3.5,3.1,2,3.6,3.5,3.5
fall,2c,1,27,TRUE,math,geology,biology,FALSE,2025-10-10,"thorrington, john",20.5,24.5,21,19.5,20,17.5,16.5,20.5,24,23,22,23.5,19.5,23,20,23.5,23,21,18,19.5,27,19.5,16.5
fall,2c,2,37,TRUE,biology,,,FALSE,2025-10-10,"doran, enrique",26.5,37,26,28.5,25.5,31,21.5,31.5,27.5,23,34,23.5,22.5,28,35.5,30,27.5,24.5,24,31,27.5,31,19
fall,2c,3,5,TRUE,biology,math,chemistry,FALSE,2025-10-10,"nikolav, oka",3.5,4.5,4.5,3.5,4.5,4,3.5,5,4,5,4,3,4,4,4,4.5,4.5,4.5,4,5,4.5,3.5,4
fall,2c,4,15,TRUE,physics,,,FALSE,2025-10-10,"dos santos, marc",12,14.5,11.5,11.5,10.5,12.5,13,10,11,12.5,12.5,10,15,13.5,9.5,10,11,12.5,10.5,13.5,10,12.5,15
fall,2c,5,1,TRUE,math,biology,,FALSE,2025-10-10,"dos santos, marc",1,1,0.5,1,1,0.5,0.5,1,0.5,1,1,1,0.5,1,1,1,1,1,1,0.5,1,0.5,0.5
fall,2c,6,12,TRUE,physics,geology,chemistry,FALSE,2025-10-10,"cherundolo, steve",8.5,11.5,12,9,9.5,9,10.5,8.5,11,10,9,9,10,9,8.5,8,9,8.5,8.5,12,10,7.5,9.5
fall,2c,7,3,TRUE,physics,,,FALSE,2025-10-10,"razov, ante",2,3,2.5,2,2.5,2.5,2,2,3,2.5,2.5,2,2,2.5,2.5,2.5,2.5,2.5,2.5,2.5,3,3,2
fall,3a,0,0,FALSE,,,,FALSE,2025-10-15,"dos santos, marc",3,3.3,3,3.3,3.1,2.2,2.3,3.6,3.1,3.1,2.8,3.4,2,3.4,3.1,3.1,3.1,2.9,1.9,2.6,null,2.7,3
fall,3a,1,42,TRUE,math,biology,physics,FALSE,2025-10-15,"dos santos, marc",36,39,33.5,32,34,31.5,29.5,38.5,35.5,32,41,37,34,31.5,34.5,36,34.5,24,34,42,30.5,35.5,35.5
fall,3a,2,23,TRUE,biology,,,FALSE,2025-10-15,"nikolav, oka",16,23,19,20,17.5,19.5,19,15,19.5,15,17.5,19.5,13.5,16.5,18.5,12.5,16.5,21.5,21,18,16.5,20,19
fall,3a,3,29,TRUE,biology,,,FALSE,2025-10-15,"doran, enrique",25.5,23.5,25.5,23,23,26,21.5,27,23.5,27.5,26.5,26,22.5,18,20.5,17,19,19.5,17,27,19.5,22,21
fall,3a,4,6,TRUE,math,geology,,FALSE,2025-10-15,"dos santos, marc",5,4.5,5,4.5,4,4.5,5.5,4.5,5,5,4.5,5,5,3.5,5,4.5,4.5,4,5.5,5.5,4,4.5,5
fall,3b,0,0,FALSE,,,,FALSE,2025-10-16,"doran, enrique",null,3.5,2.2,3,3.1,2.6,2.3,3,2.5,2.6,3.3,3.4,3.5,2.9,2.7,3.2,2.6,2.7,3,3.2,2.7,3.1,2.6
fall,3b,1,27,TRUE,biology,math,,FALSE,2025-10-16,"doran, enrique",22,25.5,20.5,23,21,19.5,17.5,23.5,20,23.5,21,20.5,24,19,23.5,22.5,20,19.5,21.5,22.5,21,18.5,21
fall,3b,2,65,TRUE,geology,,,FALSE,2025-10-16,"nikolav, oka",43,65,52,45,59.5,38.5,61,45.5,54,59,48,48.5,57,48,52,60,52.5,50,45,61.5,44,52.5,59
fall,3b,3,8,TRUE,chemistry,,,FALSE,2025-10-16,"nikolav, oka",5.5,7,7,6,6,6.5,6.5,7,6,7.5,5,5.5,6.5,6.5,6.5,6,7,6,6.5,8,6.5,6,6.5
fall,3c,0,0,FALSE,,,,FALSE,2025-10-17,"nikolav, oka",2.4,3.1,2.3,2.9,2.4,3.7,3.1,2.6,2.5,null,2.9,2.7,2.8,2.8,2.8,null,2.1,3.4,2.8,3,3.2,3.4,3.4
fall,3c,1,12,TRUE,chemistry,biology,geology,FALSE,2025-10-17,"thorrington, john",7.5,10,10,9.5,10.5,8.5,9,9,9.5,10,11.5,8,9.5,7.5,8.5,8.5,7.5,8,10,11.5,9.5,10,11.5
fall,3c,2,2,TRUE,physics,,,FALSE,2025-10-17,"dos santos, marc",1.5,2,1.5,1.5,1.5,1.5,1.5,1.5,1.5,1.5,2,2,1.5,1.5,2,1,1.5,1.5,1.5,2,1.5,1.5,1.5
fall,3c,3,3,TRUE,chemistry,biology,,FALSE,2025-10-17,"doran, enrique",2.5,2.5,2.5,2,2,2.5,3,2.5,2,2.5,3,2.5,2,2.5,2.5,3,2.5,2,2,3,2.5,2.5,2.5
fall,3c,4,8,TRUE,physics,,,FALSE,2025-10-17,"nikolav, oka",5.5,8,5.5,4.5,6,6.5,6,7.5,7,8,6,7.5,5,6,6.5,6.5,6,5,6.5,6,6.5,6.5,5.5
fall,3c,5,12,TRUE,biology,chemistry,,FALSE,2025-10-17,"doran, enrique",8.5,11,8,7,8.5,6.5,7,9.5,10.5,9,6.5,9,9.5,10,11,10,9,12,9,12,8,11,8.5
fall,3c,6,5,TRUE,geology,,,FALSE,2025-10-17,"nikolav, oka",4,5,4,3.5,3.5,4,4,4,4,4.5,4,5,5,4,4.5,3,4.5,3.5,4,4.5,3.5,3.5,3.5
fall,3c,7,17,TRUE,biology,,,FALSE,2025-10-17,"cherundolo, steve",12,15.5,12.5,13.5,13.5,11.5,14,15,13.5,15.5,15.5,11.5,12,15,12.5,15.5,13,13.5,11,14.5,13.5,12.5,14.5
fall,3c,8,38,TRUE,math,biology,biology,FALSE,2025-10-17,"thorrington, john",20.5,35.5,31.5,27.5,35,29.5,33,29.5,37,32,33,25.5,26,25.5,31.5,28.5,31.5,25.5,27.5,38,34.5,30,27.5
fall,3c,9,3,TRUE,geology,math,physics,FALSE,2025-10-17,"nikolav, oka",2.5,2.5,2.5,2,2,2.5,2.5,2.5,2.5,2.5,1.5,2,3,2.5,2,2.5,2,2,2,3,2.5,2.5,2.5
fall,4a,0,0,FALSE,,,,FALSE,2025-10-22,"dos santos, marc",3.6,2.8,3.4,2.7,3.2,3.3,2.7,3.2,3.5,3.7,2.7,3.9,2.5,3.5,2.7,3.2,3.7,3.1,2.7,3.2,3.2,2.2,2.3
fall,4a,1,14,TRUE,physics,,,FALSE,2025-10-22,"dos santos, marc",11.5,14,14,9.5,12.5,10.5,9.5,11.5,11,11,10.5,12,9.5,9.5,12,10.5,11,11,10.5,12.5,10.5,8.5,11
fall,4a,2,7,TRUE,chemistry,math,,FALSE,2025-10-22,"razov, ante",6,7,7,5.5,6,5,5.5,5.5,5.5,4.5,5,5,7,5,5.5,5.5,5.5,6,5.5,5.5,5.5,5.5,5
fall,4a,3,3,TRUE,geology,,,FALSE,2025-10-22,"dos santos, marc",2.5,2.5,2.5,2,2.5,2.5,2.5,2.5,2.5,2,2.5,2.5,2,2.5,2.5,2.5,2.5,2.5,2,3,2.5,2,2
fall,4a,4,20,TRUE,biology,physics,,FALSE,2025-10-22,"dos santos, marc",15,18,15,14,13.5,16.5,15,14,17,14.5,18,16.5,17.5,16.5,15,19,14,16,15,20,14.5,15.5,17
fall,4a,5,6,TRUE,geology,,,FALSE,2025-10-22,"cherundolo, steve",6,5.5,6,5.5,5,5,5.5,4.5,4.5,4,5,4.5,4.5,6,4.5,5,4.5,3.5,5.5,5.5,5,5,4
fall,4a,6,35,TRUE,math,geology,,FALSE,2025-10-22,"doran, enrique",28,33.5,33,30.5,18,28,25,27.5,28.5,25,25,31.5,25,33.5,22.5,29.5,31,29,24,30.5,35,22.5,33
fall,4a,7,3,TRUE,physics,chemistry,geology,FALSE,2025-10-22,"cherundolo, steve",2,3,2,3,2,2,2,2,2.5,2.5,2.5,2.5,2.5,2.5,2,2.5,2,2.5,2.5,3,2.5,2.5,2.5
fall,4a,8,3,TRUE,physics,,,FALSE,2025-10-22,"thorrington, john",2.5,3,2.5,2,2.5,2,2,2.5,2.5,2.5,2.5,2.5,2.5,2.5,2.5,2,2,2.5,2.5,2.5,2,2.5,2
fall,4a,9,1,TRUE,biology,,,FALSE,2025-10-22,"cherundolo, steve",1,1,0.5,1,1,0.5,1,0.5,0.5,1,0.5,0.5,1,1,1,1,0.5,1,1,1,0.5,0.5,1
fall,4a,10,8,TRUE,math,biology,physics,FALSE,2025-10-22,"thorrington, john",6,8,6,8,6.5,7,5.5,6.5,7.5,6,6.5,5.5,7,6.5,7,5.5,7.5,5,7,6.5,5,7,6.5
fall,4b,0,0,FALSE,,,,FALSE,2025-10-23,"thorrington, john",2.9,2.9,3.3,2.8,3.6,2.7,2.5,2.8,2.4,3.4,3.8,2.7,3.2,2.5,3.1,2.7,2.8,2.7,2.9,2.9,3.5,2.6,4
fall,4b,1,5,TRUE,physics,,,FALSE,2025-10-23,"doran, enrique",4,4.5,4,3.5,3.5,4,4,4,4.5,4,4.5,4,4,4.5,3.5,4,3.5,3,4,5,3.5,4.5,3.5
fall,4b,2,56,TRUE,geology,physics,,FALSE,2025-10-23,"doran, enrique",40.5,46.5,54,44,41.5,48,34.5,37,41.5,41,48,40,47.5,45.5,48,46,39.5,37,39,52,46.5,44.5,46.5
fall,4b,3,14,TRUE,biology,,,FALSE,2025-10-23,"razov, ante",10.5,13.5,13.5,10,9.5,9,10,10,12,9.5,10.5,10,11,9.5,11.5,10,12,11.5,10,12.5,12.5,10.5,12.5
fall,4b,4,25,TRUE,math,,,FALSE,2025-10-23,"cherundolo, steve",19.5,22,19,19.5,19.5,20.5,19.5,18,23.5,21,21,21,15,18.5,20,19.5,23.5,17,22.5,25,22,21,17.5
fall,4c,0,0,FALSE,,,,FALSE,2025-10-24,"cherundolo, steve",2.4,2.9,3.4,3.7,3,3.4,3.1,3.5,null,3.7,4.3,4.1,3.4,3.1,2.9,3.3,3.2,2.6,2.6,2.6,3.5,2.6,null
fall,4c,1,13,TRUE,physics,chemistry,,FALSE,2025-10-24,"doran, enrique",12,13,9.5,10.5,11,11.5,10.5,13,10,11.5,10.5,9.5,12,10,8,9.5,10,10,11,12,11,11,12.5
fall,4c,2,87,TRUE,biology,,,FALSE,2025-10-24,"razov, ante",72.5,71.5,70,61.5,52.5,70,66,69,70,79.5,73,51.5,75,51,69.5,68.5,63,68,55.5,64,72.5,85.5,66
fall,5a,0,0,FALSE,,,,FALSE,2025-11-05,"dos santos, marc",2.7,2.9,2.7,2.7,3.2,2.9,2.8,2.8,3.4,2.9,2.5,2.6,3.9,4.3,2.6,2.8,3.4,3,2.4,2.4,2.8,4,3.5
fall,5a,1,6,TRUE,physics,,,FALSE,2025-11-05,"thorrington, john",5.5,5.5,4,6,5,5.5,5,4.5,6,3.5,4,5.5,5,4,4.5,4.5,4,5.5,4.5,5,4.5,6,5
fall,5a,2,28,TRUE,geology,geology,chemistry,FALSE,2025-11-05,"dos santos, marc",21,27.5,28,24,22,20.5,18.5,21,24.5,21.5,19.5,22,21,26.5,20,20.5,26,22,20.5,28,27,19.5,21
fall,5a,3,6,TRUE,physics,math,chemistry,FALSE,2025-11-05,"doran, enrique",5.5,5.5,4,4,4.5,4,4.5,5,5,4.5,5,3.5,4,4.5,4.5,5.5,6,5.5,5,4,4,4,4.5
fall,5a,4,41,TRUE,chemistry,biology,math,FALSE,2025-11-05,"nikolav, oka",28,39.5,31.5,23,26,32.5,30,35.5,31.5,29,31.5,28,26.5,34.5,31.5,29,38,28.5,31,41,31,36.5,28
fall,5a,5,19,TRUE,math,,,FALSE,2025-11-05,"nikolav, oka",12,18.5,15,18,14,14.5,13,15.5,13,14,11.5,19,14.5,15,16.5,15,13.5,12.5,15.5,19,15,16.5,13
fall,5b,0,0,FALSE,,,,FALSE,2025-11-06,"dos santos, marc",3.1,3.5,3.4,3.2,2.3,2.7,3.4,3.1,2.8,3.3,2.9,4,3.1,3.2,3.7,2.9,3.6,3.3,3.1,3.6,3.3,3.6,2.5
fall,5b,1,35,TRUE,math,,,FALSE,2025-11-06,"nikolav, oka",27.5,28.5,26,21,27.5,26,22.5,35,31,21.5,30.5,31,31,23,29.5,26.5,28,24.5,33,33,25.5,28,25.5
fall,5b,2,14,TRUE,geology,,,FALSE,2025-11-06,"nikolav, oka",10.5,13,12,9,11.5,9.5,12.5,13,13.5,10.5,12,10,13.5,13,12,9.5,12.5,11,8.5,12.5,14,8.5,11
fall,5b,3,16,TRUE,math,,,FALSE,2025-11-06,"dos santos, marc",12.5,12,13,12,13,12,9.5,13,11,14.5,11,10.5,12.5,16,11.5,16,12.5,15,12,13.5,11.5,12.5,12.5
fall,5b,4,8,TRUE,math,biology,,FALSE,2025-11-06,"doran, enrique",6,8,5.5,6.5,8,6,6,7,7,5,8,7.5,7.5,6.5,7,7,6,5,7,7.5,6.5,5,7
fall,5b,5,11,TRUE,math,physics,,FALSE,2025-11-06,"doran, enrique",9.5,11,8,8,11,6.5,10,7.5,7.5,8.5,8,7,7.5,9,7.5,10,8.5,8,7,10,8,9.5,9
fall,5b,6,6,TRUE,chemistry,,,FALSE,2025-11-06,"cherundolo, steve",4,5,4.5,6,5.5,5,4.5,4.5,5,5.5,3.5,5,4,5,5,5.5,4.5,4,3.5,5.5,5.5,4,4.5
fall,5b,7,10,TRUE,biology,,,FALSE,2025-11-06,"cherundolo, steve",8.5,10,7.5,8,9,8,6.5,8.5,8,6.5,7.5,6,8.5,9.5,7.5,8.5,8.5,8,9,8.5,8.5,7.5,7
fall,5c,0,0,FALSE,,,,FALSE,2025-11-07,"thorrington, john",3.2,2.7,3.4,2.5,null,2.1,2.8,3.6,3.5,3.3,3.1,3.2,2.9,3.2,null,3,3.3,2.4,2.9,3.3,3,2.9,3.7
fall,5c,1,35,TRUE,chemistry,physics,,FALSE,2025-11-07,"doran, enrique",33.5,21.5,31.5,32.5,32,29.5,26,32,28,31,29.5,35,29.5,21,27.5,24,33,28,30.5,32.5,29.5,29,31
fall,5c,2,40,TRUE,biology,,,FALSE,2025-11-07,"doran, enrique",36.5,38,25,35.5,27,34.5,32.5,26.5,30,36.5,32.5,28,22,32,34,25.5,26.5,26.5,37,40,32.5,32.5,31.5
fall,5c,3,1,TRUE,geology,,,FALSE,2025-11-07,"doran, enrique",1,1,1,1,1,1,1,1,1,0.5,0.5,0.5,0.5,0.5,1,1,1,1,1,1,0.5,1,1
fall,5c,4,23,TRUE,math,geology,,FALSE,2025-11-07,"nikolav, oka",15.5,20.5,18.5,20,15,18,14,16,18,14,18,21,19,14.5,16.5,17,17.5,17,18.5,20,17,18.5,18.5
fall,5c,5,1,TRUE,geology,,,FALSE,2025-11-07,"cherundolo, steve",0.5,1,1,1,1,0.5,1,0.5,1,1,1,1,1,1,1,1,1,1,1,1,1,1,0.5
fall,6a,0,0,FALSE,,,,FALSE,2025-11-12,"doran, enrique",2.9,3.1,3.2,3.1,3.9,3.1,2.8,2.3,3.3,3.2,null,2.7,2.3,null,3.4,3.3,3.7,2.6,2.6,3.6,3.4,3.1,3.3
fall,6a,1,83,TRUE,geology,,,FALSE,2025-11-12,"nikolav, oka",67,83,78,67,62,69.5,47,45.5,63,72,58,83,66.5,55.5,65,67.5,71.5,74,70.5,78,65.5,61,63.5
fall,6a,2,17,TRUE,physics,,,FALSE,2025-11-12,"cherundolo, steve",12.5,11.5,12,12,14,11.5,14.5,14.5,14.5,17,11,13,14,14,13,14,14.5,10,14.5,17,13.5,10.5,12
fall,6b,0,0,FALSE,,,,FALSE,2025-11-13,"razov, ante",2.8,2.8,3.1,2.9,3.7,4.1,3.5,3.2,null,3.3,3.4,2.6,2.7,3.3,3.1,2.6,2.6,2.6,4,3.6,null,null,null
fall,6b,1,55,TRUE,chemistry,,,FALSE,2025-11-13,"cherundolo, steve",40,48.5,41.5,55,48,43,32,37,42.5,47,45.5,38.5,41,45,45.5,47,50.5,46,37,46,43,35.5,30.5
fall,6b,2,21,TRUE,geology,,,FALSE,2025-11-13,"dos santos, marc",17,16.5,13.5,15.5,18,16,18,16,21,16,17.5,15,19.5,17,13.5,19.5,16.5,16.5,20,19,18,19,18
fall,6b,3,1,TRUE,math,geology,biology,FALSE,2025-11-13,"doran, enrique",0.5,1,1,1,1,1,0.5,0.5,1,1,0.5,1,1,1,1,1,1,1,0.5,1,1,0.5,1
fall,6b,4,23,TRUE,chemistry,,,FALSE,2025-11-13,"razov, ante",18.5,23,21.5,21.5,18,16,20.5,18.5,18.5,13.5,19.5,23,16.5,17,16.5,19,21,17,16.5,23,20,17,21.5
fall,6c,0,0,FALSE,,,,FALSE,2025-11-14,"thorrington, john",3.3,2.1,3.5,2.9,3.2,2.8,null,2.8,2.9,3.3,3,2,3.6,3,2.8,3,2.8,2.7,2.7,1.7,4.3,3.5,3.1
fall,6c,1,87,TRUE,biology,biology,,FALSE,2025-11-14,"thorrington, john",63.5,79,44.5,57.5,75,58.5,53.5,58,55,66.5,69,55,70,75,70,60,85,72.5,65.5,86,77.5,74.5,65
fall,6c,2,13,TRUE,physics,,,FALSE,2025-11-14,"razov, ante",10.5,12.5,11,8.5,10,11,12.5,11,10,11.5,12.5,8.5,10.5,12,10,8.5,11,11,9.5,13,9,12.5,6.5
fall,7a,0,0,FALSE,,,,FALSE,2025-11-19,"doran, enrique",1.5,2,3.2,3.3,3.8,3,3.3,2.9,2.5,2.9,2.9,null,2.7,3,2.8,2.4,3.4,3.2,null,3.2,3,3,3
fall,7a,1,1,TRUE,biology,chemistry,math,FALSE,2025-11-19,"thorrington, john",1,1,1,1,1,0.5,1,0.5,0.5,1,1,1,0.5,1,1,1,1,0.5,0.5,1,0.5,0.5,0.5
fall,7a,2,20,TRUE,biology,chemistry,chemistry,FALSE,2025-11-19,"nikolav, oka",16,20,14.5,20,15.5,18,17,15,15.5,16,14,16,14,16.5,15.5,15,20,15.5,14.5,18,17.5,13.5,15
fall,7a,3,10,TRUE,chemistry,,,FALSE,2025-11-19,"razov, ante",8,9,8.5,9.5,8,7.5,6.5,7.5,7.5,7.5,7.5,7.5,7.5,7,8,7.5,7,9.5,7.5,8.5,8.5,9,7.5
fall,7a,4,2,TRUE,chemistry,,,FALSE,2025-11-19,"nikolav, oka",1.5,2,1.5,1.5,2,1.5,1.5,1.5,1.5,1.5,2,1.5,1.5,1.5,1.5,1.5,1.5,1.5,1.5,2,1.5,1.5,2
fall,7a,5,14,TRUE,physics,,,FALSE,2025-11-19,"cherundolo, steve",9.5,11.5,11,14,11.5,11,9,10,11,9,11,11.5,13.5,9.5,9,10,8.5,10.5,10,12,11,12.5,10
fall,7a,6,12,TRUE,geology,math,,FALSE,2025-11-19,"nikolav, oka",10,11,12,9.5,9,9,10.5,7.5,10,10,9,9.5,10.5,9.5,9,8,7.5,9,8.5,12,10.5,10.5,8.5
fall,7a,7,14,TRUE,physics,biology,geology,FALSE,2025-11-19,"razov, ante",11,12.5,11,13.5,8.5,13,12,11,13,11,12,12,8.5,12,11,9.5,11.5,10.5,7,14,11,11,12.5
fall,7a,8,3,TRUE,physics,math,,FALSE,2025-11-19,"cherundolo, steve",3,2.5,2.5,2,2,2.5,2,2,2,2,2.5,2.5,2,2,2.5,2.5,2,2.5,2.5,2.5,2.5,2.5,2
fall,7a,9,19,TRUE,biology,physics,math,FALSE,2025-11-19,"cherundolo, steve",13.5,19,13.5,13,13.5,13,18.5,15.5,18,15,14.5,15,15.5,13,17,16,12.5,14,17,13.5,16.5,13.5,15.5
fall,7a,10,5,TRUE,math,,,FALSE,2025-11-19,"nikolav, oka",4.5,4.5,4,4,4.5,3.5,3.5,4,3,5,4,4.5,3.5,3.5,4,4,3.5,3.5,4.5,4.5,3,5,4
fall,7b,0,0,FALSE,,,,FALSE,2025-11-20,"dos santos, marc",2.4,3.3,2.6,2.8,3.2,3.5,3.7,3.1,3,3.3,3,3,3,3.1,3.6,2.7,2.8,null,3.2,2.7,null,3.6,2.5
fall,7b,1,9,TRUE,geology,,,FALSE,2025-11-20,"dos santos, marc",5,9,8,6,6,8.5,7,8.5,6,7.5,7,8.5,8,8.5,9,7,7,7,7,9,7,6.5,7.5
fall,7b,2,11,TRUE,math,,,FALSE,2025-11-20,"thorrington, john",8,9.5,9,9.5,9,8.5,9,10,9,10,11,9,7.5,8,9.5,8,8.5,10.5,7.5,10,9,8,8.5
fall,7b,3,5,TRUE,chemistry,,,FALSE,2025-11-20,"thorrington, john",4.5,4.5,4.5,3.5,3.5,4,4,4,3.5,3.5,4.5,3,3.5,4,4,3.5,3,4.5,4,4,4.5,3.5,4
fall,7b,4,20,TRUE,physics,,,FALSE,2025-11-20,"dos santos, marc",15.5,17,16,20,11,16,13,14.5,14.5,17.5,14,14.5,16,15.5,16.5,13.5,15,18,18,20,13.5,19,13.5
fall,7b,5,9,TRUE,biology,,,FALSE,2025-11-20,"doran, enrique",6.5,8.5,6,7.5,5.5,7,7.5,6.5,8,7.5,7.5,7,6.5,7.5,6.5,7.5,6.5,9,6.5,7.5,6,7.5,5.5
fall,7b,6,5,TRUE,physics,chemistry,geology,FALSE,2025-11-20,"nikolav, oka",3,4,3.5,3,3.5,4,3,3.5,5,4,4.5,4,4,4.5,3.5,4,4.5,3.5,4,4,3,4.5,3.5
fall,7b,7,13,TRUE,biology,,,FALSE,2025-11-20,"dos santos, marc",11,12.5,10,9,10.5,10.5,10.5,8,10,10,11,9,10,8.5,13,9.5,11.5,10,11,11.5,9,11,12
fall,7b,8,22,TRUE,geology,,,FALSE,2025-11-20,"doran, enrique",17,19,14.5,20.5,12.5,18,18.5,13,15.5,15.5,18.5,18,16,20,18.5,22,17.5,18,16.5,17.5,15.5,16.5,18
fall,7b,9,6,TRUE,math,physics,chemistry,FALSE,2025-11-20,"cherundolo, steve",5,6,5,4.5,4.5,4.5,5,4.5,5,5,5,5.5,4,4,5,5.5,4.5,4.5,5.5,6,6,5.5,4.5
fall,7c,0,0,FALSE,,,,FALSE,2025-11-21,"dos santos, marc",2.4,3.1,3.2,2.7,3,2.5,3.3,2.7,3.4,3.1,3,2.6,3.2,3.3,3.6,3.4,3.6,2.1,3.5,2.4,2.6,2.8,2.8
fall,7c,1,100,TRUE,physics,,,FALSE,2025-11-21,"thorrington, john",84,85,89,86,59,80,89.5,92,72.5,78,70,84,65,91,76.5,78,83,81.5,87.5,100,78.5,66,82
fall,8a,0,0,FALSE,,,,FALSE,2025-11-26,"doran, enrique",2.5,2.1,3.2,3,2.7,3.1,null,2.7,2.8,3.4,2.7,3.9,2.2,4.1,4,2.8,3.9,3,3,2.9,2.1,3.4,3
fall,8a,1,1,TRUE,biology,biology,physics,FALSE,2025-11-26,"doran, enrique",1,1,0.5,1,0.5,1,0.5,1,0.5,0.5,1,1,1,1,0.5,1,1,1,0.5,0.5,1,1,1
fall,8a,2,4,TRUE,biology,chemistry,,FALSE,2025-11-26,"thorrington, john",3.5,4,3.5,3.5,3,3,3,4,3,3,3,3,3.5,3,3,3.5,2.5,3,3,4,3,3,3.5
fall,8a,3,45,TRUE,physics,chemistry,,FALSE,2025-11-26,"thorrington, john",40.5,44.5,34.5,34,36,32,32.5,33.5,32.5,34.5,33.5,34.5,31.5,37,26.5,35,38,36,43.5,37.5,37,41.5,35
fall,8a,4,16,TRUE,geology,,,FALSE,2025-11-26,"dos santos, marc",13.5,12.5,14,14,11.5,12,11,11,12,13,15.5,10.5,12.5,13,12,12,11.5,15.5,13.5,16,12,16,12
fall,8a,5,29,TRUE,math,biology,biology,FALSE,2025-11-26,"nikolav, oka",20,29,23,28.5,22,20,20.5,17.5,29,21.5,20.5,19.5,20,23.5,23.5,20.5,17,22,25,23.5,22.5,22.5,23.5
fall,8a,6,4,TRUE,math,,,FALSE,2025-11-26,"thorrington, john",3.5,3.5,3,3.5,2.5,3.5,3.5,3,3,3.5,3,3,3.5,3,3,3,3.5,2.5,3,3.5,2.5,2.5,3
fall,8a,7,1,TRUE,math,,,FALSE,2025-11-26,"dos santos, marc",0.5,1,0.5,0.5,1,0.5,0.5,1,1,0.5,1,1,0.5,0.5,0.5,1,0.5,1,1,1,0.5,0.5,1
fall,8b,0,0,FALSE,,,,FALSE,2025-11-27,"cherundolo, steve",3.2,3.4,2.6,3.7,3.2,2.4,3.3,3.7,2.5,3,1.9,null,2.9,2.5,2.5,3.2,3.1,2.7,3.2,3.2,2.7,2.7,3.3
fall,8b,1,18,TRUE,geology,,,FALSE,2025-11-27,"thorrington, john",13.5,16.5,13,14.5,13.5,15.5,15,15,15.5,13.5,14,15,16.5,17,15.5,14,12.5,16,12,14.5,14.5,14.5,15.5
fall,8b,2,1,TRUE,biology,,,FALSE,2025-11-27,"thorrington, john",0.5,1,0.5,1,0.5,0.5,0.5,1,1,1,0.5,1,0.5,0.5,1,0.5,1,1,0.5,1,0.5,1,1
fall,8b,3,1,TRUE,math,chemistry,biology,FALSE,2025-11-27,"razov, ante",1,1,1,0.5,1,1,1,1,1,1,0.5,0.5,1,1,1,0.5,1,1,1,1,1,1,1
fall,8b,4,23,TRUE,physics,,,FALSE,2025-11-27,"cherundolo, steve",19,17,21.5,23,18.5,15.5,15.5,15,22,16.5,17,19.5,19,18,18,22.5,20,16,21.5,21,16.5,19,19
fall,8b,5,1,TRUE,physics,math,,FALSE,2025-11-27,"razov, ante",0.5,1,1,0.5,1,0.5,1,1,0.5,1,1,0.5,1,0.5,0.5,1,1,1,1,1,1,1,0.5
fall,8b,6,36,TRUE,biology,,,FALSE,2025-11-27,"dos santos, marc",28.5,32,25.5,23,29,36,30,27,33.5,33.5,28.5,27.5,35.5,29,27,25.5,32.5,31.5,28.5,35.5,34.5,36,25
fall,8b,7,16,TRUE,math,physics,chemistry,FALSE,2025-11-27,"dos santos, marc",11.5,16,13,13.5,13,15,16,12.5,13.5,12,11.5,12,14.5,13,12.5,13.5,10,11,10,15.5,13,11.5,8.5
fall,8b,8,4,TRUE,chemistry,math,chemistry,FALSE,2025-11-27,"dos santos, marc",3,4,3.5,3.5,3,2.5,2.5,4,2.5,3,3.5,3.5,2.5,3,3,3.5,3.5,2.5,3,3.5,3,3,3.5
fall,8c,0,0,FALSE,,,,FALSE,2025-11-28,"dos santos, marc",3.3,3.8,3.3,3.9,2.9,2.6,4.1,2.9,2.8,3.4,null,1.8,3.1,3.8,2.9,2.1,2.3,2.4,3.8,3.4,3.6,3.3,2.9
fall,8c,1,17,TRUE,math,geology,,FALSE,2025-11-28,"razov, ante",13.5,17,15.5,15.5,10,13,16,11,12.5,17,12.5,13.5,12.5,17,15,13.5,13,9,12.5,16,14.5,12.5,12
fall,8c,2,19,TRUE,chemistry,,,FALSE,2025-11-28,"dos santos, marc",15.5,14.5,15,14,18.5,16,13.5,13.5,16.5,15.5,17,16,12.5,14.5,12.5,15.5,13,16.5,15.5,18,18.5,17,17.5
fall,8c,3,16,TRUE,geology,chemistry,math,FALSE,2025-11-28,"thorrington, john",10.5,15.5,14,9,14,11.5,15.5,13.5,15,14,13.5,13.5,15,13,14,11.5,13,13.5,14,10.5,11.5,9.5,13.5
fall,8c,4,1,TRUE,chemistry,geology,,FALSE,2025-11-28,"razov, ante",0.5,1,1,1,1,1,0.5,0.5,0.5,1,1,1,0.5,0.5,0.5,1,1,1,1,1,0.5,1,1
fall,8c,5,31,TRUE,biology,,,FALSE,2025-11-28,"cherundolo, steve",26,31,18.5,28.5,18.5,27,27.5,22,25.5,21.5,23,29.5,23,25,24.5,23.5,28,20.5,25,28,25.5,23,25
fall,8c,6,16,TRUE,chemistry,biology,,FALSE,2025-11-28,"dos santos, marc",13,16,12,13,15,12.5,11.5,11,16,14.5,13,11,13.5,12.5,10,11.5,11.5,12.5,12.5,16,10.5,13,13
winter,1a,0,0,FALSE,,,,FALSE,2026-01-07,"nikolav, oka",2.8,3.3,3.5,3.7,2.9,2.9,2.6,2.6,2.5,3.6,3.3,3.5,3.5,2.9,2.7,3.2,2.6,3,3.2,2.6,2.5,3.7,2.6
winter,1a,1,4,TRUE,geology,biology,,FALSE,2026-01-07,"nikolav, oka",3,4,3.5,3.5,3,3.5,3,3,2.5,3.5,3.5,3,4,3,3.5,3,2.5,3,3.5,3.5,2.5,3,3.5
winter,1a,2,13,TRUE,math,,,FALSE,2026-01-07,"dos santos, marc",9.5,12,9.5,8.5,11,10.5,9.5,9,11.5,13,11,10.5,10,9.5,9.5,11,9.5,9.5,10,12.5,12,9.5,9
winter,1a,3,6,TRUE,chemistry,biology,math,FALSE,2026-01-07,"cherundolo, steve",4,6,4,4.5,4,4.5,5,5,4.5,5,3.5,4.5,3.5,5,5.5,6,4.5,4,5,5.5,5,4.5,4
winter,1a,4,3,TRUE,biology,,,FALSE,2026-01-07,"cherundolo, steve",2,2.5,2.5,2.5,3,2.5,2.5,2.5,2.5,2,2,2.5,2.5,2.5,2.5,2,2.5,3,2.5,3,3,2.5,2
winter,1a,5,3,TRUE,biology,,,FALSE,2026-01-07,"nikolav, oka",2.5,2.5,2.5,2.5,2,2.5,3,2,2.5,2.5,2.5,2.5,2.5,2,2.5,2,2.5,2.5,2.5,3,2,2.5,2
winter,1a,6,31,TRUE,physics,math,,FALSE,2026-01-07,"razov, ante",23.5,31,25.5,20.5,26.5,25,24.5,25.5,23,24,20,25,24,25.5,24.5,27.5,27.5,21.5,19,24,16.5,27.5,23.5
winter,1a,7,18,TRUE,biology,chemistry,physics,FALSE,2026-01-07,"razov, ante",15,15,15,14.5,16,11.5,15,14.5,14.5,13.5,15,15.5,13.5,11.5,16,15,15,14,18,14.5,14.5,15,14
winter,1a,8,12,TRUE,math,,,FALSE,2026-01-07,"razov, ante",8,9,9.5,9.5,9,9.5,8.5,8,11,9.5,9,9.5,8.5,10.5,7,9,9.5,9,10,11,8.5,7.5,9.5
winter,1a,9,10,TRUE,biology,physics,geology,FALSE,2026-01-07,"doran, enrique",10,8.5,8.5,7,6.5,6.5,6.5,8,8.5,6,8.5,8,7,7,7,6.5,9,7.5,8,7,7.5,7,8.5
winter,1b,0,0,FALSE,,,,FALSE,2026-01-08,"razov, ante",3,3.4,2.6,2.5,3.5,null,3.2,3,3.1,3.6,3.5,3.4,2.7,3.8,3.4,4,2.4,2.7,3.7,3,3.1,3.1,3
winter,1b,1,4,TRUE,chemistry,math,,FALSE,2026-01-08,"nikolav, oka",3.5,4,3,3,3,4,3,3.5,3.5,4,2.5,3.5,2.5,3,3,3.5,3,3.5,3,4,3.5,3,3
winter,1b,2,17,TRUE,physics,biology,geology,FALSE,2026-01-08,"thorrington, john",13,14.5,13,12.5,12.5,15,12,14.5,13,13.5,14.5,13.5,13.5,14.5,12,14,14.5,12.5,13.5,16.5,13.5,12.5,12.5
winter,1b,3,26,TRUE,chemistry,,,FALSE,2026-01-08,"doran, enrique",14.5,25,19,25.5,25,25.5,24.5,17,21.5,18.5,16,24,22.5,23.5,26,24,20,19.5,20.5,26,17,19.5,16.5
winter,1b,4,14,TRUE,biology,math,,FALSE,2026-01-08,"thorrington, john",11,13.5,12,12,13.5,10,10,10.5,7.5,11,9.5,14,12.5,8,10.5,7.5,11,10.5,11,11,10,11,10
winter,1b,5,3,TRUE,geology,,,FALSE,2026-01-08,"doran, enrique",2.5,3,2.5,2.5,2,2.5,2,2.5,2.5,2.5,2,2.5,2,2.5,2,2.5,2.5,3,2,3,2.5,1.5,2.5
winter,1b,6,2,TRUE,geology,chemistry,math,FALSE,2026-01-08,"dos santos, marc",1.5,2,1.5,1.5,1.5,1.5,1.5,2,1.5,1.5,1.5,1.5,1.5,1.5,1.5,1.5,1.5,1.5,1.5,2,1.5,1.5,1.5
winter,1b,7,9,TRUE,biology,,,FALSE,2026-01-08,"doran, enrique",8,8.5,6.5,7,7,5.5,8,7,5.5,7,6,7.5,7.5,9,6.5,7.5,6.5,7.5,7.5,9,8,9,6.5
winter,1b,8,2,TRUE,math,,,FALSE,2026-01-08,"dos santos, marc",1.5,2,1.5,1.5,2,1,1.5,2,2,2,1.5,1.5,1.5,2,1.5,1.5,1.5,2,1.5,1.5,1,1.5,1.5
winter,1b,9,22,TRUE,physics,,,FALSE,2026-01-08,"thorrington, john",16,19.5,16,15,19.5,16.5,20.5,17,18.5,16,18,14,19,17,19,19.5,18,17,21.5,18,19.5,15.5,19.5
winter,1b,10,1,TRUE,geology,,,FALSE,2026-01-08,"thorrington, john",0.5,1,0.5,1,0.5,1,0.5,0.5,1,1,1,1,0.5,1,1,1,1,0.5,1,0.5,1,1,1
winter,1c,0,0,FALSE,,,,FALSE,2026-01-09,"cherundolo, steve",3.6,2.8,3.7,2.5,null,2.5,3.5,3,3.5,2.1,2.5,2.7,3.5,3.1,2.1,2.5,3.1,3,3,2.8,3.4,3.1,3.6
winter,1c,1,2,TRUE,biology,,,FALSE,2026-01-09,"doran, enrique",1.5,2,2,1.5,1.5,2,2,1.5,1.5,1.5,2,1.5,1.5,2,1.5,1,1.5,2,1.5,2,1.5,1,1.5
winter,1c,2,9,TRUE,physics,,,FALSE,2026-01-09,"razov, ante",8,8.5,6,7,6,6,6.5,7.5,8,6.5,7,9,7,8.5,7.5,6,7.5,5.5,7.5,8.5,7,8.5,7
winter,1c,3,15,TRUE,biology,,,FALSE,2026-01-09,"dos santos, marc",12.5,15,11.5,11,10,12,13.5,9.5,15,11.5,12.5,12,8.5,12.5,11.5,13,12,11.5,11,15,10.5,14,11.5
winter,1c,4,1,TRUE,chemistry,physics,,FALSE,2026-01-09,"cherundolo, steve",0.5,1,1,0.5,1,1,0.5,1,1,1,0.5,1,0.5,1,1,0.5,1,1,0.5,1,0.5,0.5,1
winter,1c,5,5,TRUE,geology,,,FALSE,2026-01-09,"dos santos, marc",5,5,4.5,4,4,3,3.5,4,5,4.5,3,3.5,3,4,4,4.5,4,3.5,5,4.5,4,4,4
winter,1c,6,20,TRUE,math,,,FALSE,2026-01-09,"razov, ante",14,20,14,15,13.5,17,16.5,16,15.5,14,14,18,14.5,19.5,17.5,14.5,18,15,14.5,20,16,17.5,16
winter,1c,7,6,TRUE,geology,,,FALSE,2026-01-09,"dos santos, marc",5,6,5.5,4.5,5,4.5,3.5,4,5.5,4.5,5.5,4.5,4.5,5.5,4.5,4.5,3.5,4.5,4,5.5,4.5,4.5,4
winter,1c,8,10,TRUE,chemistry,,,FALSE,2026-01-09,"razov, ante",7.5,9.5,6,6,7,8.5,9,9,7.5,8,6.5,8.5,7.5,7.5,7.5,5.5,8,8,8,9,7,9.5,8.5
winter,1c,9,1,TRUE,geology,,,FALSE,2026-01-09,"cherundolo, steve",1,1,1,1,0.5,1,1,0.5,1,1,0.5,0.5,1,1,0.5,1,0.5,0.5,1,1,1,1,0.5
winter,1c,10,26,TRUE,geology,,,FALSE,2026-01-09,"thorrington, john",18.5,24,18.5,25,23.5,20.5,17,23,25.5,20.5,19,24.5,13.5,22,22,18.5,22.5,21,21.5,26,24.5,21,21
winter,1c,11,5,TRUE,geology,physics,geology,FALSE,2026-01-09,"thorrington, john",4,5,5,4,4,3,3.5,4,3.5,4.5,3.5,4,4.5,4,4.5,4.5,4,4,4.5,4.5,4,4,4.5
winter,2a,0,0,FALSE,,,,FALSE,2026-01-14,"dos santos, marc",3.9,2.3,3,4.1,2.6,2.8,null,3.8,3.6,2.7,3.7,2.6,3.2,2.5,2.4,3,2.9,2.9,1.5,3.3,2.8,3,1.9
winter,2a,1,100,TRUE,chemistry,biology,geology,FALSE,2026-01-14,"doran, enrique",81.5,83,81.5,84,63.5,73.5,63.5,87,53.5,75.5,69,57,86.5,85,88.5,83,73,63,82,64,73.5,75.5,69
winter,2b,0,0,FALSE,,,,FALSE,2026-01-15,"thorrington, john",2.4,2.9,2.9,3,2.5,1.8,2.5,3,2.8,3,2.2,2.6,3,2.8,2.1,2.4,3.1,2.3,3.6,3.1,2.5,2,2.9
winter,2b,1,10,TRUE,physics,math,biology,FALSE,2026-01-15,"thorrington, john",7,9,9,8.5,8.5,7.5,9.5,6.5,8,7,8,6.5,9,7,9,8,8.5,7.5,7.5,9,7,7,8.5
winter,2b,2,9,TRUE,chemistry,,,FALSE,2026-01-15,"cherundolo, steve",7.5,9,7.5,6.5,7,8.5,8,6,6.5,7.5,8,6.5,7.5,7,7.5,8,6.5,7,8,8,9,8.5,7
winter,2b,3,19,TRUE,chemistry,,,FALSE,2026-01-15,"doran, enrique",17,19,17,16,15.5,17,17,12.5,16,14.5,12.5,14,15,12.5,16.5,14,15.5,15.5,15,19,13,13.5,14
winter,2b,4,17,TRUE,biology,chemistry,,FALSE,2026-01-15,"doran, enrique",8,15.5,12,15,12.5,15.5,14,11.5,10.5,12,13.5,12.5,17,15,11.5,13.5,12.5,11.5,14.5,14.5,9,13,12.5
winter,2b,5,18,TRUE,physics,geology,math,FALSE,2026-01-15,"thorrington, john",14,16.5,15.5,14.5,15.5,15.5,14.5,16.5,13,16.5,12,14,13.5,13.5,15.5,17.5,16.5,11.5,14,12,14,13,13.5
winter,2b,6,1,TRUE,physics,,,FALSE,2026-01-15,"cherundolo, steve",1,0.5,1,1,0.5,1,0.5,0.5,1,0.5,1,0.5,0.5,1,1,0.5,1,1,1,1,1,1,1
winter,2b,7,7,TRUE,geology,physics,,FALSE,2026-01-15,"cherundolo, steve",4.5,6,6,6.5,6.5,6,6.5,5,6,6.5,7,5.5,6,5.5,4.5,4,5,5.5,5,6.5,6,6,5.5
winter,2b,8,6,TRUE,biology,chemistry,,FALSE,2026-01-15,"razov, ante",5,5,3.5,4,4,4.5,4.5,5,4.5,5,5.5,5.5,5,3,5.5,5,4,5,5,5.5,4.5,3.5,4
winter,2b,9,9,TRUE,math,geology,biology,FALSE,2026-01-15,"thorrington, john",7.5,6.5,8,7,6.5,7.5,6,7,5,7.5,5.5,8,7,7.5,8.5,8.5,8,6,6,8,8.5,7,6
winter,2b,10,4,TRUE,physics,geology,biology,FALSE,2026-01-15,"nikolav, oka",3.5,4,3,3,3,4,4,3.5,3,3.5,2.5,3,3.5,3,3,3,3,3,3.5,3,3,3,3
winter,2c,0,0,FALSE,,,,FALSE,2026-01-16,"razov, ante",2.3,4,3,4.2,2.5,2.8,2.9,2.8,3.2,2.6,2.7,3,3.3,3.2,3.7,3.1,2.9,4.5,2.5,null,4.1,3.1,3.3
winter,2c,1,2,TRUE,biology,,,FALSE,2026-01-16,"cherundolo, steve",2,2,1.5,1.5,1.5,2,1.5,1.5,1.5,1.5,2,1.5,1.5,1.5,1.5,1.5,1.5,1.5,1.5,2,1.5,1.5,1.5
winter,2c,2,6,TRUE,chemistry,,,FALSE,2026-01-16,"doran, enrique",5.5,5.5,4.5,5,4.5,5,4.5,4,5.5,4.5,4.5,5,4.5,5,4.5,4.5,4.5,5,5,5.5,4.5,5,5
winter,2c,3,1,TRUE,chemistry,physics,geology,FALSE,2026-01-16,"nikolav, oka",1,1,1,1,1,0.5,0.5,1,1,1,1,0.5,1,1,0.5,0.5,0.5,1,0.5,1,1,1,1
winter,2c,4,20,TRUE,geology,biology,chemistry,FALSE,2026-01-16,"razov, ante",16,18,20,13,16.5,16,13,13.5,14.5,12.5,15,16.5,14,19.5,16.5,15.5,17,16.5,16.5,19,18.5,17.5,15.5
winter,2c,5,2,TRUE,physics,geology,biology,FALSE,2026-01-16,"cherundolo, steve",1.5,2,1.5,1.5,1.5,2,1.5,1.5,1.5,1.5,1.5,1.5,2,1.5,1.5,1.5,2,1.5,2,2,1.5,1.5,1.5
winter,2c,6,63,TRUE,geology,biology,physics,FALSE,2026-01-16,"razov, ante",45.5,59.5,62,45,50,44,46,45,56,50,51,51.5,49,54,52,43.5,46.5,59,42.5,52,63,54.5,50.5
winter,2c,7,3,TRUE,physics,geology,physics,FALSE,2026-01-16,"razov, ante",2,2.5,2.5,2,2.5,3,2.5,2.5,2,3,2.5,2.5,2,2.5,2.5,2,2,2.5,2.5,3,2.5,2.5,2.5
winter,2c,8,3,TRUE,math,geology,,FALSE,2026-01-16,"cherundolo, steve",2.5,3,2.5,2.5,2.5,2.5,2.5,3,2.5,2,2.5,2,2.5,3,2,2.5,3,2.5,2.5,2.5,2,2.5,3
winter,3a,0,0,FALSE,,,,FALSE,2026-01-21,"thorrington, john",3.6,2.6,2.4,2.7,3.6,2.7,2.9,2.4,3.6,3,null,3.7,2.9,2.8,3.7,2.8,3.7,2.1,2.4,2.6,3.7,2.1,4.6
winter,3a,1,4,TRUE,physics,,,FALSE,2026-01-21,"doran, enrique",2.5,4,3.5,3.5,3.5,4,3,3,3,3.5,3,3,2.5,2.5,4,3.5,3,2.5,3,4,3.5,2.5,3.5
winter,3a,2,2,TRUE,math,physics,geology,FALSE,2026-01-21,"cherundolo, steve",1.5,1.5,1.5,1.5,1.5,1.5,1.5,2,1.5,2,1.5,2,1.5,1.5,1.5,2,1.5,1.5,1.5,1.5,1.5,1.5,1.5
winter,3a,3,22,TRUE,physics,,,FALSE,2026-01-21,"nikolav, oka",20.5,21,15,21,14.5,19,16,16.5,14,21,15.5,15.5,21.5,19,16.5,19,18,15.5,20,20,17,21.5,21.5
winter,3a,4,11,TRUE,biology,,,FALSE,2026-01-21,"dos santos, marc",9.5,10,7,9,9,8.5,9,8.5,10.5,8.5,7.5,8,11,8,6.5,8.5,10.5,8.5,9.5,10,8.5,10,8.5
winter,3a,5,30,TRUE,physics,,,FALSE,2026-01-21,"thorrington, john",26,27,20.5,25.5,24,21,30,19,23.5,25.5,17,24,20,30,25.5,29.5,23.5,25.5,19,27,24,23,28.5
winter,3a,6,9,TRUE,math,,,FALSE,2026-01-21,"thorrington, john",7.5,8.5,6,6.5,7,6,6.5,7,5.5,5,7.5,6.5,7.5,7.5,7,9,8.5,8,7,7.5,7,7.5,6.5
winter,3a,7,2,TRUE,geology,,,FALSE,2026-01-21,"doran, enrique",2,1.5,1.5,1.5,1,1.5,1.5,1.5,1.5,1,1.5,2,1.5,1.5,1.5,1.5,1.5,2,2,1.5,1,1.5,1.5
winter,3a,8,12,TRUE,chemistry,geology,physics,FALSE,2026-01-21,"dos santos, marc",10,12,9,10.5,9.5,10.5,7.5,12,8,8.5,9.5,8.5,7.5,8,8,11,9.5,9.5,8,10,11,10,8.5
winter,3a,9,5,TRUE,physics,biology,geology,FALSE,2026-01-21,"dos santos, marc",4,4.5,3.5,4,3,4,3.5,4,3.5,4.5,3.5,3.5,3.5,4.5,3,4,4,3,4,5,4,3.5,4
winter,3a,10,3,TRUE,physics,,,FALSE,2026-01-21,"thorrington, john",2,3,2,2.5,2,2.5,2,2.5,2,2.5,2,2,2.5,2.5,2.5,2.5,2.5,2.5,2.5,3,2.5,2.5,2.5
winter,3b,0,0,FALSE,,,,FALSE,2026-01-22,"thorrington, john",3.3,3,2.6,2,3.6,3.2,3.3,2.8,3.5,2.4,2.9,2.3,3,3,2.9,3.3,3,3.7,2.4,3.8,2.8,3.3,2.5
winter,3b,1,16,TRUE,math,,,FALSE,2026-01-22,"razov, ante",12.5,16,12.5,12.5,11,12.5,15,15.5,12.5,11.5,12.5,9,13.5,14.5,12.5,10.5,14,13,14,16,10,14.5,12.5
winter,3b,2,31,TRUE,physics,biology,,FALSE,2026-01-22,"cherundolo, steve",26,31,24.5,24,19.5,27,23,26.5,24.5,22,24,25,25.5,28.5,24,25,19.5,19.5,19,31,31,26,27.5
winter,3b,3,24,TRUE,math,,,FALSE,2026-01-22,"cherundolo, steve",23.5,24,19,18.5,18,18,17,20,19.5,20.5,17,19,16.5,19,18,19,20.5,21,19.5,23.5,24,22,21.5
winter,3b,4,15,TRUE,chemistry,biology,math,FALSE,2026-01-22,"doran, enrique",10,15,12,10.5,14,12.5,11,12.5,12,11.5,11.5,13,11,9.5,11,9.5,12.5,12,12,13.5,8,12.5,9
winter,3b,5,4,TRUE,math,math,geology,FALSE,2026-01-22,"thorrington, john",4,4,3,3.5,3,3,3.5,3,3.5,3.5,3.5,3,3,3.5,3,3.5,3.5,3.5,2.5,3.5,3.5,3,4
winter,3b,6,10,TRUE,chemistry,biology,,FALSE,2026-01-22,"thorrington, john",7,10,6.5,8.5,8,8.5,7,7,10,9,8,7.5,9,6,7,6,9.5,6.5,9.5,8.5,8.5,8,7
winter,3c,0,0,FALSE,,,,FALSE,2026-01-23,"cherundolo, steve",2.6,2.7,3,2.2,3.1,3.1,2.2,3.3,2.9,2.8,2.5,3.1,2.6,3,2.3,2.1,3.5,2.8,2.6,3.2,3.1,null,2.4
winter,3c,1,31,TRUE,math,,,FALSE,2026-01-23,"cherundolo, steve",26,31,28,22.5,26,27.5,24.5,27.5,22,21,19.5,27.5,24.5,27.5,23,23.5,24.5,24,24,31,18.5,25.5,25.5
winter,3c,2,11,TRUE,chemistry,chemistry,,FALSE,2026-01-23,"nikolav, oka",8,11,10,9.5,9.5,10,9,6.5,7.5,8,8,9.5,8.5,8.5,9.5,10,9,9.5,10,9,9.5,9.5,9.5
winter,3c,3,14,TRUE,math,physics,,FALSE,2026-01-23,"doran, enrique",10.5,14,11,12,11.5,11.5,11,10.5,11.5,13,13,9.5,9,11,13,10.5,12,9.5,13.5,14,11.5,11,14
winter,3c,4,22,TRUE,biology,,,FALSE,2026-01-23,"razov, ante",18.5,22,19,19,17.5,17,16.5,16,17.5,20,16.5,20,20,19.5,14.5,22,17.5,20,19,21,18,16,20.5
winter,3c,5,22,TRUE,biology,,,FALSE,2026-01-23,"doran, enrique",21,20,16,15,16.5,19.5,18.5,17.5,19,15,21,18.5,14,17,17.5,18,18,18.5,14,21,17.5,18,15
winter,4a,0,0,FALSE,,,,FALSE,2026-01-28,"nikolav, oka",3.2,3,2.1,4.2,3.1,3.2,3,2.5,3.3,3,3.5,2.5,3.1,3.3,null,3.5,2.7,2.9,3.6,2.3,3,3.3,2.6
winter,4a,1,1,TRUE,math,,,FALSE,2026-01-28,"dos santos, marc",0.5,1,1,1,1,1,0.5,0.5,1,1,1,1,1,1,1,0.5,1,1,1,1,1,1,1
winter,4a,2,18,TRUE,chemistry,,,FALSE,2026-01-28,"doran, enrique",15,17,14.5,13,15.5,15.5,13.5,16,16.5,12.5,14.5,12.5,13,18,16,12,10.5,13,16,18,13.5,15.5,12.5
winter,4a,3,10,TRUE,biology,math,physics,FALSE,2026-01-28,"nikolav, oka",6,10,7.5,8.5,9,7.5,7.5,6.5,7.5,7.5,9.5,10,7,7,7,9.5,9.5,7,6,9.5,7.5,9,7
winter,4a,4,6,TRUE,chemistry,,,FALSE,2026-01-28,"razov, ante",6,6,5.5,4.5,5,5,5.5,4.5,4.5,4.5,5.5,5,5.5,4,4.5,3.5,4,5,4,5.5,4,4.5,4
winter,4a,5,10,TRUE,biology,,,FALSE,2026-01-28,"thorrington, john",8,10,7,7,7.5,7.5,7,7.5,8.5,8,7,7.5,7.5,7,7,8.5,8,8.5,8,9.5,7,8,8.5
winter,4a,6,2,TRUE,physics,,,FALSE,2026-01-28,"dos santos, marc",1.5,2,1.5,2,1.5,1.5,2,1.5,1.5,2,1.5,2,1.5,1.5,1.5,2,1.5,1.5,1.5,2,1.5,1.5,1.5
winter,4a,7,7,TRUE,biology,physics,,FALSE,2026-01-28,"doran, enrique",5.5,5.5,6,5.5,5.5,6.5,6,6,7,5,5.5,5.5,4.5,6,5.5,3.5,5,5,7,7,5,6.5,4.5
winter,4a,8,3,TRUE,physics,,,FALSE,2026-01-28,"doran, enrique",2.5,3,3,2.5,3,2.5,2,2.5,2,2.5,2,2.5,2.5,2.5,2,2,2.5,2,3,3,2.5,2,2
winter,4a,9,12,TRUE,chemistry,,,FALSE,2026-01-28,"cherundolo, steve",9,12,9,9,9,7.5,8.5,9.5,7.5,10,8,9,9,8,9,10,9.5,7.5,8,11.5,8.5,10,8
winter,4a,10,8,TRUE,chemistry,math,,FALSE,2026-01-28,"thorrington, john",6,7.5,5.5,6.5,7,6.5,6,7.5,6.5,6.5,6.5,6,6,6,7,7.5,6,6.5,8,6.5,6,7,5
winter,4a,11,23,TRUE,biology,chemistry,,FALSE,2026-01-28,"nikolav, oka",21,21.5,20,17,15.5,16,15,15,12,23,16,17.5,18.5,19,22.5,20,23,18,21,21.5,14,19,16.5
winter,4b,0,0,FALSE,,,,FALSE,2026-01-29,"doran, enrique",2.7,null,3.3,3,3.1,4.6,3.6,2.3,3.8,2.7,2,3.2,3,2.6,2.8,3.5,2.8,3.4,2,2.3,3.1,2.8,3.3
winter,4b,1,2,TRUE,chemistry,physics,math,FALSE,2026-01-29,"thorrington, john",1.5,2,1.5,1.5,1.5,1.5,1.5,1.5,1.5,1,1.5,2,2,1.5,1.5,1.5,1.5,1,1.5,2,1.5,1.5,1.5
winter,4b,2,10,TRUE,geology,,,FALSE,2026-01-29,"nikolav, oka",9,9,7,8,9,7.5,8,6,8,7,7,8.5,6.5,8.5,8,6.5,9,8.5,9,7.5,7.5,7.5,7.5
winter,4b,3,7,TRUE,physics,,,FALSE,2026-01-29,"doran, enrique",5.5,7,5,5.5,4.5,5.5,5,5.5,5.5,5.5,5.5,5,5,4.5,5.5,5.5,5,5,5,7,6,6,6
winter,4b,4,24,TRUE,chemistry,,,FALSE,2026-01-29,"nikolav, oka",17,22,17,22.5,19,18,21,21,21.5,24,17.5,23,17.5,21.5,17.5,21.5,17.5,18,18,22.5,19,19.5,17
winter,4b,5,13,TRUE,physics,chemistry,biology,FALSE,2026-01-29,"nikolav, oka",11.5,11,9.5,9.5,9.5,9.5,11.5,11,11.5,10.5,9.5,12,10,10,10,10,10.5,12.5,7.5,11,11.5,11.5,10.5
winter,4b,6,2,TRUE,chemistry,chemistry,,FALSE,2026-01-29,"cherundolo, steve",1.5,2,2,1.5,2,1.5,2,1.5,1.5,1.5,1.5,1.5,1.5,1.5,1.5,2,1.5,1.5,1.5,2,1.5,2,1
winter,4b,7,39,TRUE,math,biology,,FALSE,2026-01-29,"doran, enrique",39,31,30,32,32.5,30,30.5,26,27,26.5,29,29,29,32,34.5,30,29.5,29,32,34.5,28,35,31.5
winter,4b,8,3,TRUE,physics,,,FALSE,2026-01-29,"dos santos, marc",3,2.5,2.5,2.5,3,3,2,2.5,2.5,2.5,2.5,2.5,2.5,2.5,2,1.5,2.5,3,2.5,2.5,2,2.5,2.5
winter,4c,0,0,FALSE,,,,FALSE,2026-01-30,"thorrington, john",2.5,3,2.4,3.1,null,2.9,2.7,3,3.9,2.7,3,3.5,2.6,3.1,2.1,3.2,3.2,2.9,2.7,2.2,3,3,2.6
winter,4c,1,25,TRUE,math,chemistry,,FALSE,2026-01-30,"doran, enrique",17.5,24,20,16,19.5,20,22.5,20.5,21,20.5,18.5,19,20,22,20,21.5,18,21,14.5,25,20,20,17
winter,4c,2,28,TRUE,physics,,,FALSE,2026-01-30,"thorrington, john",22.5,28,18.5,25,24,24.5,24.5,19.5,18.5,20.5,19,16,22,20.5,26,20.5,23.5,19.5,22,28,23.5,18.5,20.5
winter,4c,3,2,TRUE,geology,physics,math,FALSE,2026-01-30,"razov, ante",1.5,2,1.5,2,1.5,1.5,2,1.5,1.5,1.5,1.5,1.5,1.5,1.5,1.5,2,1.5,1.5,1.5,2,1.5,2,2
winter,4c,4,37,TRUE,chemistry,physics,biology,FALSE,2026-01-30,"dos santos, marc",31,34,30,27,31.5,28.5,28.5,29,34.5,27.5,36.5,26,23,32.5,26,30,36.5,32,25,28.5,26.5,26,37
winter,4c,5,7,TRUE,biology,math,,FALSE,2026-01-30,"dos santos, marc",5,7,6,6.5,4,7,6,5,5.5,5.5,5.5,5.5,6,6.5,6,6,5,4.5,5,6.5,6,6.5,5.5
winter,4c,6,1,TRUE,geology,geology,,FALSE,2026-01-30,"cherundolo, steve",0.5,1,0.5,0.5,1,1,1,1,1,1,1,0.5,1,0.5,0.5,1,1,1,0.5,1,0.5,1,1
winter,5a,0,0,FALSE,,,,FALSE,2026-02-11,"thorrington, john",3.1,2.9,3.9,2.3,3,4.4,2.7,2.3,2.7,3.1,2.5,2.8,2.5,3.6,3.1,3.3,2.9,2.8,3.3,2.7,2.4,2.4,3.2
winter,5a,1,8,TRUE,geology,,,FALSE,2026-02-11,"dos santos, marc",6,7.5,6,6.5,5,5,5.5,6.5,6.5,7,6,6.5,5.5,5,6,6,5.5,6,6.5,8,7.5,7,6.5
winter,5a,2,12,TRUE,chemistry,math,,FALSE,2026-02-11,"dos santos, marc",8.5,12,9,10.5,10,8,10,10.5,9,9.5,10.5,9.5,9,9.5,11,9.5,9,10.5,10.5,12,7,8.5,7
winter,5a,3,26,TRUE,physics,,,FALSE,2026-02-11,"nikolav, oka",15.5,26,16.5,23.5,19,22.5,19.5,20,23.5,20.5,15,24.5,20.5,23,22.5,16.5,21,15.5,22,26,20.5,20.5,20.5
winter,5a,4,17,TRUE,math,,,FALSE,2026-02-11,"thorrington, john",12.5,17,13.5,15.5,15.5,14.5,16,14.5,11,13,11.5,12,12.5,13,15.5,13,10.5,15.5,11.5,17,10.5,17,11
winter,5a,5,7,TRUE,math,,,FALSE,2026-02-11,"doran, enrique",5.5,7,5.5,6,6.5,4.5,5.5,5,5,5,5.5,6,4.5,6.5,5.5,6,5.5,5,5,7,6,5,4.5
winter,5a,6,9,TRUE,physics,math,geology,FALSE,2026-02-11,"nikolav, oka",8,8.5,6.5,7,8,8.5,6.5,5.5,7,7.5,8,6.5,7.5,8.5,6,8.5,6.5,7.5,7,9,9,6.5,7.5
winter,5a,7,1,TRUE,physics,geology,physics,FALSE,2026-02-11,"razov, ante",0.5,1,1,1,1,0.5,1,1,1,0.5,0.5,1,0.5,1,1,0.5,1,1,0.5,1,1,1,1
winter,5a,8,1,TRUE,chemistry,,,FALSE,2026-02-11,"dos santos, marc",0.5,1,0.5,1,1,0.5,1,0.5,1,1,0.5,1,0.5,1,0.5,0.5,1,1,0.5,1,1,1,1
winter,5a,9,4,TRUE,geology,physics,biology,FALSE,2026-02-11,"doran, enrique",4,3.5,3,4,3,3.5,3.5,3,3.5,3.5,3,2.5,3.5,2.5,3.5,3,3.5,3,3.5,3.5,3,2.5,3.5
winter,5a,10,15,TRUE,biology,,,FALSE,2026-02-11,"thorrington, john",11.5,14,15,12.5,13.5,10,11.5,11.5,10.5,12.5,13,12.5,12.5,12.5,12,10.5,11,12,12.5,15,12.5,12,12.5
winter,5b,0,0,FALSE,,,,FALSE,2026-02-12,"dos santos, marc",3.8,3.2,2.4,2.7,2.7,2.7,3.2,3.3,2.2,2.1,2.9,3.3,3.1,null,2.8,2.5,2.8,3.1,3.5,2.9,3,2.5,2.8
winter,5b,1,7,TRUE,math,biology,,FALSE,2026-02-12,"thorrington, john",6,7,5.5,6,6,6.5,5,6.5,5,5.5,5,5.5,5.5,6,5,6.5,7,6,5.5,6,5.5,6.5,5.5
winter,5b,2,57,TRUE,chemistry,,,FALSE,2026-02-12,"cherundolo, steve",51.5,47,38,44,53,49.5,43,34.5,42,51.5,39.5,45.5,49.5,49,43.5,51.5,40.5,45.5,37,55,46.5,42,51.5
winter,5b,3,4,TRUE,physics,,,FALSE,2026-02-12,"razov, ante",4,3,2.5,3,3.5,3.5,2.5,3.5,3,3.5,3,3,3,3,2,3,3.5,3,3.5,3,3.5,2,2.5
winter,5b,4,23,TRUE,chemistry,math,biology,FALSE,2026-02-12,"thorrington, john",14,21,17.5,18.5,18,17,16.5,15.5,17.5,17,21,16,17,17,23,21,17,21,19,19.5,17.5,23,19
winter,5b,5,2,TRUE,chemistry,math,,FALSE,2026-02-12,"nikolav, oka",1.5,2,2,1.5,1.5,1.5,1.5,2,1.5,1.5,1.5,1.5,1.5,1.5,1.5,1.5,2,1.5,1.5,2,1.5,1.5,1.5
winter,5b,6,5,TRUE,biology,,,FALSE,2026-02-12,"dos santos, marc",3.5,4.5,3.5,4.5,4.5,4,4,4,3,4.5,3.5,4,4.5,3.5,3.5,3.5,3.5,4.5,4,4,4,4,3.5
winter,5b,7,2,TRUE,physics,,,FALSE,2026-02-12,"dos santos, marc",1.5,2,1.5,1.5,1.5,1.5,2,2,1.5,2,1.5,1.5,1.5,1.5,2,1.5,1.5,1.5,1.5,2,1.5,1.5,2
winter,5c,0,0,FALSE,,,,FALSE,2026-02-13,"nikolav, oka",3,3.4,3.6,3.2,3.6,2.4,3.2,2.9,3.1,3.4,2.9,3.6,null,3.3,2.9,2.4,2.7,1.7,2.7,4,2.6,3.2,2.7
winter,5c,1,100,TRUE,geology,chemistry,biology,FALSE,2026-02-13,"thorrington, john",98,83.5,61.5,85,86,70.5,73,77,90.5,65,92.5,70.5,97.5,65.5,57,90,77.5,73,84,87,99.5,78.5,78
winter,6a,0,0,FALSE,,,,FALSE,2026-02-18,"doran, enrique",2.9,2.4,3.7,3,4,3.1,3,2.9,2.7,3.5,2.8,3,2.8,3.2,2.6,2.6,3.1,null,2.7,3.3,2,2.6,2.6
winter,6a,1,100,TRUE,geology,,,FALSE,2026-02-18,"thorrington, john",65.5,81.5,60.5,80.5,100,61,83,86.5,69.5,73.5,80.5,76.5,68.5,84.5,80.5,78,50.5,90,70,76.5,59,68,88
winter,6b,0,0,FALSE,,,,FALSE,2026-02-19,"thorrington, john",3.7,3.2,2.8,2.9,2.7,3.7,null,3.3,null,3.7,3.1,2.9,3.2,3.9,2.6,2.6,2.9,3.4,3.9,2,null,null,3
winter,6b,1,5,TRUE,biology,,,FALSE,2026-02-19,"thorrington, john",4,4.5,3.5,4,3.5,4,4,5,3.5,4,4.5,4.5,4,4.5,4,4,4,4,4,5,3.5,4,4
winter,6b,2,69,TRUE,geology,,,FALSE,2026-02-19,"nikolav, oka",53,53.5,59,48.5,51,66,53.5,55,46,43.5,51.5,60,57.5,69,49.5,57.5,63.5,43,59.5,60.5,58.5,52,48.5
winter,6b,3,9,TRUE,math,biology,,FALSE,2026-02-19,"thorrington, john",6.5,9,6,6,8.5,8.5,7.5,6.5,7.5,6.5,8,5.5,7,8.5,8.5,6.5,7.5,8.5,7,9,7,7,7.5
winter,6b,4,3,TRUE,biology,,,FALSE,2026-02-19,"razov, ante",2.5,2.5,2,2.5,2.5,2,2,2.5,2,2.5,2,3,2,2.5,2,2.5,2.5,3,2,3,2,2.5,2
winter,6b,5,6,TRUE,physics,geology,math,FALSE,2026-02-19,"doran, enrique",4.5,5.5,5,4.5,3.5,5,5.5,6,4.5,4.5,3.5,5.5,4.5,5.5,5.5,4.5,4.5,4.5,4.5,5.5,4.5,4,5
winter,6b,6,3,TRUE,chemistry,geology,,FALSE,2026-02-19,"razov, ante",2.5,2.5,2.5,2.5,2.5,2,2,2.5,2.5,2.5,2.5,2.5,2.5,2.5,3,2.5,2.5,1.5,2.5,3,2,2,2.5
winter,6b,7,1,TRUE,chemistry,,,FALSE,2026-02-19,"doran, enrique",1,1,0.5,1,1,0.5,0.5,1,1,0.5,0.5,1,0.5,1,1,1,0.5,0.5,1,1,1,1,1
winter,6b,8,4,TRUE,math,biology,,FALSE,2026-02-19,"nikolav, oka",3,3,4,2.5,3.5,3.5,3.5,2.5,3,3.5,3,2.5,3,3.5,3,3.5,3.5,3.5,3.5,4,3,3.5,4
winter,6c,0,0,FALSE,,,,FALSE,2026-02-20,"cherundolo, steve",2.5,3.9,3.6,3.2,3.7,3.4,3.3,3,2.8,2.5,null,4,2.5,2.4,3.1,3.8,3.2,2.5,3.5,2.9,2.4,3.5,3.3
winter,6c,1,8,TRUE,physics,chemistry,math,FALSE,2026-02-20,"thorrington, john",7,8,6,5.5,6,7.5,7,7,6.5,6.5,6.5,7.5,6,5,4.5,6.5,6.5,6,7.5,6.5,7,5,6
winter,6c,2,28,TRUE,physics,,,FALSE,2026-02-20,"cherundolo, steve",20.5,26.5,21,20.5,21,22.5,23.5,24,23,18.5,23,22.5,26.5,21.5,23,22,21.5,26.5,21.5,23,21.5,20.5,21.5
winter,6c,3,19,TRUE,biology,physics,,FALSE,2026-02-20,"doran, enrique",14.5,18,16.5,15,14.5,14.5,17,11,14,14.5,11.5,13,15,17.5,14.5,14,12,14.5,14.5,19,12.5,16,16.5
winter,6c,4,9,TRUE,physics,,,FALSE,2026-02-20,"thorrington, john",7.5,8.5,6,7,8,7,9,7.5,6,6,7,7,6.5,7.5,6.5,6.5,6,7,7.5,8,6,6.5,7.5
winter,6c,5,1,TRUE,math,,,FALSE,2026-02-20,"cherundolo, steve",1,1,0.5,1,1,0.5,1,0.5,1,0.5,0.5,1,0.5,1,1,1,1,0.5,0.5,1,1,0.5,1
winter,6c,6,15,TRUE,math,,,FALSE,2026-02-20,"razov, ante",13.5,14.5,14,10,13,14.5,11.5,13.5,11,13,12.5,12.5,10.5,11.5,12.5,11.5,12.5,11,10,14,11.5,12,10
winter,6c,7,15,TRUE,biology,,,FALSE,2026-02-20,"cherundolo, steve",13,13,12.5,11.5,10.5,12,10.5,13.5,13.5,11.5,12,11,12,13,15,12,12,14.5,10.5,15,13,11,10.5
winter,6c,8,5,TRUE,chemistry,chemistry,,FALSE,2026-02-20,"thorrington, john",3.5,4.5,4.5,3.5,3.5,4.5,3,4.5,4,3.5,4.5,4,4,4,3.5,3,4.5,3.5,3.5,4,4,3.5,4
winter,7a,0,0,FALSE,,,,FALSE,2026-02-25,"cherundolo, steve",2.9,null,2.4,2.4,3.3,2.9,3.1,2.1,3.2,3.7,2.5,3,2.2,3.8,2.4,3.3,2.2,3.9,2.5,null,2,2.9,3.6
winter,7a,1,2,TRUE,biology,math,math,FALSE,2026-02-25,"cherundolo, steve",1.5,2,1.5,1.5,1.5,1.5,1.5,1.5,1.5,1.5,1,1,1.5,1.5,1.5,2,1.5,2,1.5,2,1.5,1.5,1.5
winter,7a,2,12,TRUE,biology,math,,FALSE,2026-02-25,"doran, enrique",9,10,9.5,10,8.5,9.5,8.5,11,10,11,10,11,9,10.5,9,10,10.5,10.5,8,9.5,10.5,11.5,7
winter,7a,3,3,TRUE,physics,chemistry,,FALSE,2026-02-25,"thorrington, john",2,3,2.5,2,3,2,2.5,3,2.5,2,2.5,2.5,2.5,2,2.5,2.5,2.5,2.5,2,3,2,2.5,3
winter,7a,4,46,TRUE,chemistry,chemistry,math,FALSE,2026-02-25,"doran, enrique",37.5,46,41,46,38,36,34,35,41.5,40.5,38.5,38.5,34.5,36.5,29,37,30,41.5,35.5,40.5,34,38,30
winter,7a,5,6,TRUE,biology,geology,,FALSE,2026-02-25,"cherundolo, steve",5,5.5,4.5,5.5,4.5,5,4.5,4,5.5,5.5,5,5,3.5,5,5.5,3,4,3,4.5,6,5.5,5.5,4
winter,7a,6,14,TRUE,chemistry,biology,,FALSE,2026-02-25,"doran, enrique",10.5,12,11.5,14,9,11.5,12,10.5,11.5,9.5,10.5,11.5,11,9.5,12.5,14,10.5,12.5,12,12,10,9,14
winter,7a,7,17,TRUE,physics,biology,,FALSE,2026-02-25,"doran, enrique",13,16.5,12.5,13.5,15,12.5,12,14.5,12.5,12,12,17,11,13.5,9,13.5,15,13,13.5,16.5,12,12.5,14
winter,7b,0,0,FALSE,,,,FALSE,2026-02-26,"cherundolo, steve",2.4,3.3,2.5,2.7,null,2.3,3.4,2,1.7,2.9,3.1,2.8,2.8,2.8,3.1,3.3,2.7,2.9,3.2,2.6,3.1,3.6,2.4
winter,7b,1,78,TRUE,math,,,FALSE,2026-02-26,"razov, ante",57,76,69,73,59.5,72,62,76,69.5,63.5,50,57.5,63,64.5,60,63.5,72.5,74,59,78,65.5,55.5,50
winter,7b,2,22,TRUE,geology,,,FALSE,2026-02-26,"dos santos, marc",14.5,22,14,20,17.5,21,16.5,18.5,18,18.5,15,15.5,19.5,12,17,21,16.5,15,19,22,15,11.5,15
winter,7c,0,0,FALSE,,,,FALSE,2026-02-27,"nikolav, oka",2.9,3.2,3.4,3.4,4.2,2.7,3.5,3.2,3,2.2,3,3,2.9,3.5,2.6,3.4,2.6,3.5,3.4,3.7,3.7,3,3.8
winter,7c,1,10,TRUE,geology,,,FALSE,2026-02-27,"razov, ante",9,7.5,9,7,7,8.5,9,8,8,8,9,8.5,9.5,8,9.5,6.5,8.5,8.5,6,10,7.5,8.5,8.5
winter,7c,2,3,TRUE,chemistry,,,FALSE,2026-02-27,"nikolav, oka",2.5,2.5,2,2.5,2,2,2.5,3,2.5,2,2,3,2,2.5,2.5,2.5,2,2,2.5,3,2.5,2.5,2.5
winter,7c,3,43,TRUE,geology,biology,physics,FALSE,2026-02-27,"razov, ante",32,39.5,30.5,28,42.5,33,35.5,37.5,39.5,34.5,38.5,37,34.5,35.5,39,38,34,38.5,41,31.5,36.5,37.5,36
winter,7c,4,9,TRUE,math,,,FALSE,2026-02-27,"razov, ante",5.5,9,8,6.5,6,7.5,7.5,7,5.5,7.5,7,7,8,8.5,6.5,8,6,7,8.5,9,7.5,5.5,7
winter,7c,5,35,TRUE,geology,,,FALSE,2026-02-27,"doran, enrique",23,35,33,32.5,27,25.5,31.5,32.5,31,24.5,24,30,32.5,32,29,30,31.5,24,30.5,34.5,23.5,30.5,25.5
winter,8a,0,0,FALSE,,,,FALSE,2026-03-04,"dos santos, marc",3,3.3,2.8,3.2,2.3,3.3,null,3.1,4.2,3.1,2.2,3.1,2.2,2.6,2.8,null,null,2.3,2.5,3.4,3.4,2.7,2.8
winter,8a,1,13,TRUE,biology,geology,,FALSE,2026-03-04,"cherundolo, steve",10,12.5,11,11.5,9.5,10,10,10.5,8,11,12.5,10.5,11,10.5,11.5,11.5,10,10.5,11,13,10.5,10.5,9.5
winter,8a,2,22,TRUE,chemistry,,,FALSE,2026-03-04,"cherundolo, steve",14,21.5,19,12.5,15.5,16.5,17,17,19.5,15,16,16,22,19.5,19,20,17.5,22,17.5,22,18,22,19
winter,8a,3,26,TRUE,chemistry,,,FALSE,2026-03-04,"doran, enrique",17,26,18.5,16.5,21.5,21,22,19,19,17,20,17,22.5,20.5,20,21.5,25.5,17.5,15.5,26,18.5,23,21
winter,8a,4,39,TRUE,physics,,,FALSE,2026-03-04,"dos santos, marc",33,35.5,34,27.5,33,35,31.5,28.5,39,31,34,32.5,35.5,31,27,22,36.5,31,28.5,37,30,32,30.5
winter,8b,0,0,FALSE,,,,FALSE,2026-03-05,"nikolav, oka",2.4,2.6,2.6,2.7,2.7,2.9,3,2.5,3.1,2.4,3.5,3.4,2.7,3.1,3.3,3.3,3.2,2.6,3,3.3,4.5,2.9,3.3
winter,8b,1,1,TRUE,physics,,,FALSE,2026-03-05,"nikolav, oka",1,1,0.5,0.5,0.5,1,0.5,1,1,1,1,1,1,1,1,0.5,0.5,1,1,1,0.5,1,0.5
winter,8b,2,30,TRUE,biology,math,,FALSE,2026-03-05,"thorrington, john",23,23.5,25.5,18.5,29.5,30,25,29.5,22,24,22.5,26.5,24,19,22,25,21,21,26,27,19.5,18,22
winter,8b,3,69,TRUE,chemistry,,,FALSE,2026-03-05,"razov, ante",49.5,69,53,54,52.5,67,58.5,54,55.5,67.5,54,41.5,37,53,59,66.5,66.5,65.5,48.5,69,65.5,58.5,56
winter,8c,0,0,FALSE,,,,FALSE,2026-03-06,"thorrington, john",2.8,3.4,2.3,4,3,2.7,1.9,3.3,2.8,3.8,2.8,2.6,null,3.1,3.6,3.1,3,3.4,3.1,2.9,2.4,2.7,2.8
winter,8c,1,16,TRUE,physics,,,FALSE,2026-03-06,"thorrington, john",13.5,13,13,14,12,14,11.5,12,10.5,13.5,13.5,14,13,13,12,13.5,15,15.5,14,14,12.5,9,13
winter,8c,2,42,TRUE,math,,,FALSE,2026-03-06,"razov, ante",34,42,24,40,30.5,36,38,27.5,35,38,35.5,31.5,38.5,36,31,38,42,27,34.5,42,37.5,36.5,38.5
winter,8c,3,37,TRUE,biology,,,FALSE,2026-03-06,"nikolav, oka",27,31.5,20,28,29.5,27,28,25.5,28,30,29,25,23,29.5,31,26.5,31.5,30,24.5,37,28.5,27.5,37
winter,8c,4,5,TRUE,geology,physics,biology,FALSE,2026-03-06,"doran, enrique",3,4,3.5,5,3.5,4,3.5,3.5,3.5,4,3.5,4.5,4,4,4.5,4.5,5,4.5,4,5,4.5,4,5
spring,1a,0,0,FALSE,,,,FALSE,2026-04-01,"razov, ante",3.3,3.9,2.4,3.6,3.9,2.3,2.9,2.4,3.2,2.4,3.7,2.9,2.5,3,null,3.2,2.7,2,2.8,3.3,3.2,2.7,3.5
spring,1a,1,6,TRUE,math,physics,biology,FALSE,2026-04-01,"cherundolo, steve",4.5,6,4.5,5.5,5,4.5,5,5,4.5,5,4,4,6,5,4.5,3.5,4.5,4.5,4,5.5,5,5,5
spring,1a,2,46,TRUE,physics,biology,,FALSE,2026-04-01,"thorrington, john",36.5,39,26.5,39.5,39,38.5,39,42,39,36.5,34.5,38.5,44,38.5,39,34,43.5,36.5,37.5,46,41,31,27
spring,1a,3,25,TRUE,math,chemistry,geology,FALSE,2026-04-01,"nikolav, oka",18,21.5,18,21,17.5,16.5,16.5,16.5,22,17.5,21.5,18.5,22,15.5,21,20.5,17.5,23,23,25,17.5,19,20
spring,1a,4,2,TRUE,biology,math,,FALSE,2026-04-01,"dos santos, marc",1.5,2,2,1.5,1.5,1.5,1.5,1.5,1.5,2,2,2,2,1.5,1.5,1,2,1.5,1.5,2,1.5,2,1.5
spring,1a,5,21,TRUE,physics,,,FALSE,2026-04-01,"cherundolo, steve",20,21,18.5,14,20.5,13.5,14,18.5,15,16,16,17.5,16,16.5,18,13.5,16,13.5,13.5,17.5,16,15,16
spring,1b,0,0,FALSE,,,,FALSE,2026-04-02,"doran, enrique",3.4,3.1,3.6,3.5,2.5,2.5,3.3,2.8,3.4,2.8,3.1,3,null,3.6,1.7,3.5,2.9,3.4,3.7,3.1,2.9,3,3.2
spring,1b,1,27,TRUE,biology,,,FALSE,2026-04-02,"cherundolo, steve",21,24,22.5,22.5,21.5,18.5,24,25.5,19.5,20,16.5,24,19,24.5,22.5,19.5,23.5,21.5,22,23.5,19,22,20.5
spring,1b,2,6,TRUE,math,,,FALSE,2026-04-02,"cherundolo, steve",4,5.5,4.5,5,5,5,4.5,3.5,5,5.5,6,5,4.5,5.5,5.5,4,4,4.5,5.5,6,3.5,5,6
spring,1b,3,15,TRUE,biology,chemistry,,FALSE,2026-04-02,"doran, enrique",14,14,11.5,11,14,14,8.5,9,12.5,14,13.5,11,11,12.5,11.5,11,12,12,13,12,7.5,12,11
spring,1b,4,5,TRUE,physics,,,FALSE,2026-04-02,"thorrington, john",4.5,3.5,2.5,4,3.5,4,4.5,3.5,4,5,3.5,4,4.5,5,4,3.5,3,3.5,4.5,4,4,4,3.5
spring,1b,5,10,TRUE,biology,,,FALSE,2026-04-02,"doran, enrique",9,10,8.5,9,8,9,9,8.5,7,9,6.5,9.5,6.5,8.5,9.5,7,9,9,6.5,9,7.5,7,8.5
spring,1b,6,31,TRUE,geology,math,,FALSE,2026-04-02,"thorrington, john",29,27.5,21.5,29.5,29,28,23,28.5,23.5,25,27.5,20.5,22.5,23.5,28,25.5,25,23,28,26,21,30.5,29
spring,1b,7,6,TRUE,math,,,FALSE,2026-04-02,"cherundolo, steve",4.5,6,5,5,5,5.5,6,6,5.5,4.5,5.5,5,6,4.5,5,5.5,5,4.5,3.5,5,4.5,5,5
spring,1c,0,0,FALSE,,,,FALSE,2026-04-03,"cherundolo, steve",3.3,3.2,2.8,3.5,3.1,3.5,3.1,2.6,3,3,3.3,3.1,2.4,2.9,3,3,3.2,null,3.5,3.3,2.4,2.6,3
spring,1c,1,41,TRUE,biology,math,,FALSE,2026-04-03,"cherundolo, steve",30.5,38.5,33.5,30,38,29.5,32,28,30.5,32,32.5,37.5,34,32,35,36,29.5,33,36,37.5,32,25.5,30
spring,1c,2,23,TRUE,geology,chemistry,physics,FALSE,2026-04-03,"doran, enrique",21,23,18,18,17,19.5,16.5,18.5,15.5,17.5,18.5,21,20,19.5,19.5,19,19,18,16,23,16.5,21.5,16
spring,1c,3,36,TRUE,chemistry,geology,math,FALSE,2026-04-03,"nikolav, oka",26.5,36,27.5,28.5,27,28.5,29.5,28,27,30.5,28,26.5,24.5,28.5,27,24.5,31.5,30.5,28,31,30,29.5,34
spring,2a,0,0,FALSE,,,,FALSE,2026-04-08,"nikolav, oka",3.2,2.8,3,2.5,3.2,2.5,2.6,3.2,2.3,2.9,null,3.1,3.2,null,2.6,3.1,2.9,3.2,3.4,2.8,2.3,3.6,3.1
spring,2a,1,4,TRUE,physics,,,FALSE,2026-04-08,"thorrington, john",2.5,4,3.5,3.5,2.5,3,3.5,3,3.5,3,3,3.5,3.5,3.5,3,3.5,2.5,3,3,3.5,3.5,3.5,3.5
spring,2a,2,5,TRUE,physics,math,chemistry,FALSE,2026-04-08,"doran, enrique",4,5,4,4.5,4.5,4,3.5,4.5,3.5,4,3,4,3.5,3.5,5,5,4,5,4,4.5,4,2.5,3.5
spring,2a,3,1,TRUE,chemistry,,,FALSE,2026-04-08,"nikolav, oka",1,1,1,1,1,1,0.5,1,1,1,1,1,0.5,1,1,0.5,1,1,0.5,1,1,1,1
spring,2a,4,51,TRUE,math,,,FALSE,2026-04-08,"cherundolo, steve",47,49.5,50,44.5,39.5,32.5,46.5,42.5,34,40.5,45.5,37,47,45.5,33,36.5,37.5,38.5,48.5,39,42.5,38.5,33.5
spring,2a,5,9,TRUE,biology,,,FALSE,2026-04-08,"thorrington, john",8,8.5,6,6.5,7.5,6,7,7,7.5,8.5,8,7.5,8,7.5,6,7.5,5.5,6,8,9,6.5,8.5,7.5
spring,2a,6,29,TRUE,math,,,FALSE,2026-04-08,"doran, enrique",20.5,28,20.5,21.5,24.5,25.5,19.5,21,23.5,21.5,20.5,24,20,29,23,18.5,26,22.5,23,28.5,27,23.5,18.5
spring,2a,7,1,TRUE,chemistry,biology,,FALSE,2026-04-08,"doran, enrique",1,1,1,1,1,1,0.5,0.5,1,1,0.5,1,1,0.5,0.5,1,1,1,1,1,0.5,1,0.5
spring,2b,0,0,FALSE,,,,FALSE,2026-04-09,"thorrington, john",2.5,2.9,3.1,3.4,2.7,2.8,3.3,2.3,2.5,2.6,2.4,2.7,null,3.8,2.7,2.5,3,3.5,3.3,4,2.7,3.5,3.2
spring,2b,1,12,TRUE,physics,geology,math,FALSE,2026-04-09,"thorrington, john",11,12,9.5,10,9.5,8.5,10,8.5,11,9.5,8,11.5,8.5,9.5,8.5,8.5,9,9,9,12,10,8,9
spring,2b,2,2,TRUE,biology,physics,physics,FALSE,2026-04-09,"cherundolo, steve",1,2,2,1.5,2,1.5,1.5,1.5,1.5,1.5,1.5,1.5,2,2,1.5,1.5,1.5,1.5,1.5,2,1.5,1.5,1.5
spring,2b,3,17,TRUE,physics,biology,,FALSE,2026-04-09,"razov, ante",14.5,17,12.5,11,15,15.5,12,15,13.5,11,10,15,12.5,12.5,14,16.5,13.5,15.5,14.5,13.5,9,14.5,15
spring,2b,4,9,TRUE,math,physics,physics,FALSE,2026-04-09,"razov, ante",8,8.5,5.5,7,6,6,5.5,8.5,7.5,5.5,8,7,5.5,7,6.5,5.5,6,7.5,6.5,9,6.5,7,7
spring,2b,5,13,TRUE,biology,geology,,FALSE,2026-04-09,"dos santos, marc",9.5,10.5,12.5,11,8.5,7.5,8.5,12,9,11,13,10,10,11,11,12,11,9.5,11,13,11.5,11.5,10
spring,2b,6,11,TRUE,geology,chemistry,,FALSE,2026-04-09,"nikolav, oka",8,10,7.5,8,9.5,8.5,9,9,7.5,9,8.5,8.5,9.5,9.5,9,8,9.5,7.5,10,10,9.5,7.5,7.5
spring,2b,7,18,TRUE,biology,,,FALSE,2026-04-09,"thorrington, john",13.5,17.5,11,14,12.5,12.5,15,14.5,12,13.5,13.5,14.5,12.5,15.5,12,14,15.5,14,13.5,15,18,13,13
spring,2b,8,5,TRUE,geology,chemistry,geology,FALSE,2026-04-09,"cherundolo, steve",4.5,4.5,4.5,4,4,3,4,4.5,3.5,4,4,4,4.5,4,3,4,4,4.5,4,5,4,3.5,4
spring,2b,9,13,TRUE,physics,,,FALSE,2026-04-09,"razov, ante",10,11,8,9.5,10,11,12,10,12,10,10,11,11.5,13,10,10,7,9.5,9,12.5,9.5,11,7.5
spring,2c,0,0,FALSE,,,,FALSE,2026-04-10,"razov, ante",3.3,3.7,3.3,3.4,3,2.9,2.9,2.7,2.6,null,3.3,3.5,2.6,2.4,3,3.1,2.1,3.9,3.5,3.5,3,3.1,2.6
spring,2c,1,100,TRUE,chemistry,biology,physics,FALSE,2026-04-10,"doran, enrique",76,92,67.5,73,89.5,66,83,81,85,92,100,72,82,71,86.5,76.5,88,99,83,97,90,95.5,64.5
spring,3a,0,0,FALSE,,,,FALSE,2026-04-15,"doran, enrique",2.4,3,2.3,2.7,3,2.6,3,3.3,3.5,2.5,2.7,3.1,2.5,2.2,2.6,2.3,3,2.9,2.4,3.5,2.6,2.2,2.6
spring,3a,1,12,TRUE,math,biology,physics,FALSE,2026-04-15,"dos santos, marc",9.5,12,8,9,11,8.5,6.5,9,7.5,10.5,6.5,8.5,8,10,8,9.5,8.5,8,10,9.5,9,9,11.5
spring,3a,2,1,TRUE,chemistry,biology,,FALSE,2026-04-15,"doran, enrique",0.5,1,1,1,0.5,1,1,0.5,1,1,1,0.5,1,0.5,1,1,1,0.5,1,1,1,0.5,1
spring,3a,3,18,TRUE,chemistry,biology,geology,FALSE,2026-04-15,"cherundolo, steve",16,18,15,13,15,16,15,17,18,13.5,15,16.5,12.5,13.5,12.5,17,14,15,14.5,18,13.5,13.5,13.5
spring,3a,4,2,TRUE,physics,biology,,FALSE,2026-04-15,"doran, enrique",1.5,2,1.5,1.5,1.5,1.5,1.5,1.5,1.5,2,1.5,1.5,1.5,2,1.5,2,2,2,2,1.5,1.5,1.5,2
spring,3a,5,27,TRUE,physics,chemistry,,FALSE,2026-04-15,"razov, ante",24,24.5,23.5,23,21,22,19.5,20,18.5,20,19.5,23.5,20,24.5,21,17,19,19,20,27,18.5,20.5,26.5
spring,3a,6,1,TRUE,chemistry,geology,physics,FALSE,2026-04-15,"thorrington, john",1,0.5,1,1,1,1,1,0.5,1,1,1,1,1,1,0.5,1,1,1,1,1,1,1,1
spring,3a,7,8,TRUE,geology,,,FALSE,2026-04-15,"razov, ante",5.5,8,7,6.5,7,6,5.5,6.5,7,7,7,6.5,7,6.5,6,7.5,4.5,6.5,8,7.5,6,6.5,7
spring,3a,8,6,TRUE,geology,math,geology,FALSE,2026-04-15,"thorrington, john",5.5,6,4.5,4.5,6,3.5,3.5,6,4.5,5.5,5,4.5,4.5,5,5,4.5,5.5,5,4.5,6,5,5,5
spring,3a,9,25,TRUE,biology,geology,,FALSE,2026-04-15,"cherundolo, steve",21,25,22,21.5,17,17.5,17,22,21.5,19,25,19.5,19.5,16,19.5,18.5,21,16,16,21,21.5,20,21
spring,3b,0,0,FALSE,,,,FALSE,2026-04-16,"dos santos, marc",3.2,2.6,2.9,2.3,3.7,3.2,3.3,null,2.4,3,null,3.4,3.8,2.6,3.2,2.4,3.5,2.9,3.3,2.8,3.3,3.4,3.5
spring,3b,1,1,TRUE,math,,,FALSE,2026-04-16,"doran, enrique",1,1,1,1,1,1,1,0.5,0.5,1,0.5,1,0.5,1,1,1,1,0.5,1,1,0.5,1,1
spring,3b,2,5,TRUE,geology,geology,math,FALSE,2026-04-16,"cherundolo, steve",3.5,5,3.5,4,4,3.5,3.5,4,3.5,3.5,4,4,4,3.5,4.5,3.5,5,3,4.5,4.5,3.5,4,4.5
spring,3b,3,20,TRUE,math,chemistry,,FALSE,2026-04-16,"razov, ante",14,14.5,17,18,19.5,18.5,11.5,11.5,14.5,18.5,13,14.5,12.5,16,14,17.5,14.5,19.5,13,17,18.5,16,16
spring,3b,4,28,TRUE,geology,,,FALSE,2026-04-16,"dos santos, marc",21,24.5,24,22,25.5,21,25.5,24,22.5,24.5,21.5,25.5,19.5,23.5,27,22.5,23.5,23,26,26,22.5,18,24.5
spring,3b,5,6,TRUE,chemistry,,,FALSE,2026-04-16,"nikolav, oka",4.5,6,4.5,4,4.5,5,4.5,5.5,5,5.5,4.5,5.5,6,5,5,6,4.5,5,5,5,5.5,4.5,4.5
spring,3b,6,11,TRUE,physics,math,chemistry,FALSE,2026-04-16,"nikolav, oka",9,9.5,7.5,9,7.5,10,10,9.5,8.5,8.5,8.5,7.5,9,10,10,8,7,8,7.5,11,7.5,10,9
spring,3b,7,29,TRUE,biology,,,FALSE,2026-04-16,"thorrington, john",18.5,29,23.5,24.5,25,18.5,22.5,23,24.5,24,24.5,21,21,22,19,25,24.5,22,23,21.5,21,21.5,21
spring,3c,0,0,FALSE,,,,FALSE,2026-04-17,"razov, ante",2.5,2.4,2.6,2.4,3.5,2.9,2.5,2.2,3,3.1,3,3.1,2.3,2.5,2.5,2.9,2.5,2.3,3.1,3.4,3,2.7,2.4
spring,3c,1,3,TRUE,geology,biology,,FALSE,2026-04-17,"cherundolo, steve",2.5,2.5,2.5,2,2.5,2.5,2,2.5,2,2,2.5,2.5,2.5,2.5,2,2.5,2.5,2,2.5,3,2.5,2,2
spring,3c,2,2,TRUE,math,,,FALSE,2026-04-17,"dos santos, marc",1.5,2,1.5,1.5,1,2,1.5,1.5,1.5,1,1.5,1.5,1.5,1.5,2,1.5,1.5,1.5,1.5,2,1.5,2,2
spring,3c,3,11,TRUE,chemistry,math,,FALSE,2026-04-17,"nikolav, oka",6.5,11,10,9,7.5,9.5,6.5,11,9,10,6.5,9,7.5,7.5,8.5,9,8.5,6.5,9,11,9.5,10,9.5
spring,3c,4,13,TRUE,math,physics,chemistry,FALSE,2026-04-17,"doran, enrique",10.5,12.5,10.5,8,9.5,10,10,10.5,10,9,11,9,9,9.5,11,10,10,11,8,13,11,10,12.5
spring,3c,5,60,TRUE,physics,geology,,FALSE,2026-04-17,"dos santos, marc",57,58.5,54.5,55.5,49.5,38.5,57.5,46.5,49,44,48,60,45,49.5,43.5,42.5,53,48.5,46,55,46,46,49
spring,3c,6,8,TRUE,biology,physics,chemistry,FALSE,2026-04-17,"nikolav, oka",5,8,5.5,6,7,6,6.5,6,5.5,5,5.5,6.5,6,7.5,7,6,6.5,6.5,5,8,6.5,6,6.5
spring,3c,7,3,TRUE,physics,math,chemistry,FALSE,2026-04-17,"dos santos, marc",2.5,2.5,2,3,2,2.5,2,2,2,2.5,2.5,2,2.5,2.5,1.5,2.5,2.5,2.5,2.5,2.5,3,2.5,2.5
spring,4a,0,0,FALSE,,,,FALSE,2026-04-22,"dos santos, marc",2.5,2.9,3.7,2.8,3.6,2.5,4,2.9,2.8,2.8,3,3.5,3.6,3.5,2.7,2.2,2.6,3.3,2.6,2.8,3.2,2.3,2.6
spring,4a,1,18,TRUE,biology,chemistry,geology,FALSE,2026-04-22,"thorrington, john",13,13.5,12.5,16.5,10,16,11.5,12,9.5,17.5,11.5,15,13,13,16.5,13.5,14,14,15,17,15,15.5,13.5
spring,4a,2,25,TRUE,geology,biology,physics,FALSE,2026-04-22,"razov, ante",16.5,22.5,17,18.5,16.5,17.5,23,19.5,18,16.5,15.5,23,17.5,23.5,16,21,23,21.5,17,24.5,14,22.5,20
spring,4a,3,42,TRUE,chemistry,,,FALSE,2026-04-22,"doran, enrique",35,37.5,34,30,33.5,35,35.5,29,31,36,31,39.5,34,36,31.5,31,29.5,42,33,37.5,29.5,39.5,34
spring,4a,4,5,TRUE,geology,,,FALSE,2026-04-22,"dos santos, marc",4,4,4,4,4,4.5,4.5,4,5,4,3,4,4.5,4.5,4,4.5,4,3,4,5,3.5,4,4
spring,4a,5,5,TRUE,chemistry,math,geology,FALSE,2026-04-22,"cherundolo, steve",3,5,3.5,4,3.5,4,4,4,4,5,4.5,4,3,3.5,4,4.5,3.5,4,4.5,4,4,4,3.5
spring,4a,6,5,TRUE,chemistry,,,FALSE,2026-04-22,"razov, ante",4.5,5,4.5,4,5,4.5,4.5,4.5,4,4,4.5,3.5,3.5,3.5,4,3.5,5,4.5,4,5,4,4.5,5
spring,4b,0,0,FALSE,,,,FALSE,2026-04-23,"doran, enrique",3.1,3.8,3.5,3.5,3.4,3.2,3,3,2.9,2.5,3.3,3,2.4,3.2,3.4,3.4,2.4,2.7,2.2,2,3.2,3.3,3.3
spring,4b,1,6,TRUE,biology,,,FALSE,2026-04-23,"razov, ante",4.5,5.5,6,4.5,5,4,5.5,4,5.5,4.5,5,5,5,5.5,4,4.5,5.5,5,5.5,4.5,5.5,4.5,4.5
spring,4b,2,1,TRUE,physics,,,FALSE,2026-04-23,"nikolav, oka",0.5,1,1,1,1,0.5,1,1,1,0.5,1,1,0.5,0.5,1,1,1,1,1,1,1,1,1
spring,4b,3,3,TRUE,biology,math,physics,FALSE,2026-04-23,"cherundolo, steve",2.5,2.5,2.5,2,2,2.5,2,2.5,2,3,3,2.5,2.5,2.5,2.5,2.5,2,2,2,3,2,3,3
spring,4b,4,7,TRUE,biology,chemistry,biology,FALSE,2026-04-23,"doran, enrique",6.5,6,6,5,4.5,5.5,5.5,5,5.5,4.5,4.5,5.5,5,5.5,6,5,4,5.5,5,5,5,5.5,6.5
spring,4b,5,2,TRUE,biology,chemistry,biology,FALSE,2026-04-23,"doran, enrique",2,2,1.5,1.5,2,1.5,1.5,1.5,1.5,1.5,1,1,1.5,1.5,1.5,1,1.5,1.5,2,2,1.5,1.5,1.5
spring,4b,6,4,TRUE,physics,,,FALSE,2026-04-23,"razov, ante",3.5,4,3.5,4,3,3.5,3.5,2.5,3.5,2.5,4,2.5,2.5,3.5,3.5,2.5,3,3.5,2.5,3.5,3,3,3
spring,4b,7,1,TRUE,geology,,,FALSE,2026-04-23,"thorrington, john",0.5,1,1,1,1,1,0.5,1,0.5,1,0.5,1,0.5,1,1,0.5,1,0.5,0.5,1,1,1,0.5
spring,4b,8,22,TRUE,geology,biology,,FALSE,2026-04-23,"cherundolo, steve",16,20,16,21,22,16.5,16.5,16,17,16,17.5,18,18,18,17,18,21,18,11.5,21.5,16,18,19.5
spring,4b,9,13,TRUE,biology,physics,chemistry,FALSE,2026-04-23,"dos santos, marc",10,13,11,11,8,11.5,11,12.5,8.5,9,8.5,11,11.5,9.5,13,10.5,8.5,11.5,9.5,10.5,12.5,9,9
spring,4b,10,17,TRUE,biology,,,FALSE,2026-04-23,"dos santos, marc",14,14,12.5,13,11.5,17,15.5,12,13.5,14.5,12.5,14.5,13.5,16,11.5,16.5,14.5,14,11.5,15,14.5,13.5,15.5
spring,4b,11,24,TRUE,physics,chemistry,geology,FALSE,2026-04-23,"razov, ante",18.5,19.5,21.5,17.5,21,22.5,19.5,20,20,22,19.5,14,18.5,21.5,20,20.5,16.5,20.5,17,24,22,17.5,17
spring,4c,0,0,FALSE,,,,FALSE,2026-04-24,"dos santos, marc",null,2,2.4,2.3,3.7,3.4,2.9,2.8,3.2,3.9,3.5,3.6,3.6,2.4,2.7,2.3,1.8,2.1,3.2,2.5,2.8,3.1,3.1
spring,4c,1,1,TRUE,physics,biology,geology,FALSE,2026-04-24,"dos santos, marc",1,1,0.5,1,0.5,1,1,1,1,1,1,1,0.5,1,1,0.5,0.5,0.5,1,1,1,0.5,1
spring,4c,2,13,TRUE,chemistry,physics,,FALSE,2026-04-24,"dos santos, marc",11.5,12.5,10.5,11.5,8,9.5,11,8.5,11.5,9.5,9.5,10,11.5,10.5,11.5,10.5,11,11,9.5,13,9.5,10,10.5
spring,4c,3,9,TRUE,biology,math,,FALSE,2026-04-24,"cherundolo, steve",7.5,6.5,7.5,8.5,8.5,5.5,7,7.5,6,8,7.5,6,5.5,6.5,7.5,7,7.5,7,6.5,7.5,7.5,6.5,8
spring,4c,4,26,TRUE,chemistry,biology,math,FALSE,2026-04-24,"cherundolo, steve",17,25,18,24.5,23.5,19,18.5,20.5,17.5,19.5,19.5,19,19.5,19,24,22.5,20.5,22,16.5,26,19,22.5,20
spring,4c,5,9,TRUE,physics,math,,FALSE,2026-04-24,"cherundolo, steve",8.5,8.5,6.5,6,7.5,5.5,6.5,7,8,7,7.5,7.5,7,8.5,6,7,6,7.5,4.5,9,7.5,8,7.5
spring,4c,6,32,TRUE,geology,chemistry,biology,FALSE,2026-04-24,"nikolav, oka",25,28.5,26.5,25.5,28.5,23,25,29,23.5,26,21.5,20.5,22.5,29,24,32,25,27,29.5,31.5,28,29,20.5
spring,4c,7,10,TRUE,physics,chemistry,biology,FALSE,2026-04-24,"razov, ante",8,10,7.5,7,7,8,7,8.5,9,8.5,9,8.5,8.5,7,8.5,8,8,8,9,9.5,7.5,6,9
spring,5a,0,0,FALSE,,,,FALSE,2026-05-06,"razov, ante",3.8,2.5,2.7,3.7,2.6,3.3,3,3.4,3.2,3.6,1.8,1.9,2.5,3.6,2.9,3.9,2.3,2.9,2.8,3,3.8,2.4,2.7
spring,5a,1,61,TRUE,biology,,,FALSE,2026-05-06,"razov, ante",48.5,61,59,52.5,52,46.5,39.5,43.5,42,56.5,44.5,45,43,46,40,52,45.5,50,52,40,45.5,46,58.5
spring,5a,2,39,TRUE,physics,,,FALSE,2026-05-06,"doran, enrique",33,39,29,34,28,27.5,36,35.5,26,31.5,29,33.5,33.5,30.5,30.5,32.5,25,32,32,33,39,27.5,35
spring,5b,0,0,FALSE,,,,FALSE,2026-05-07,"dos santos, marc",2.5,2.5,2.8,2.7,3.3,3.4,3.3,3.1,2.1,3.8,3.1,2.4,3.3,2.5,2,3.3,3.2,3.5,2.8,2.7,2.8,2.9,3.4
spring,5b,1,12,TRUE,physics,biology,geology,FALSE,2026-05-07,"thorrington, john",10,11.5,8.5,8,7,11,11.5,8,11.5,7.5,8.5,7.5,10,9,8.5,8.5,9.5,6,10.5,10,10,8.5,9
spring,5b,2,16,TRUE,math,,,FALSE,2026-05-07,"razov, ante",13,14,15.5,13,9,12.5,12.5,14,12.5,12,13.5,14.5,11.5,11,11.5,12.5,12.5,13.5,12,12.5,12.5,13,11.5
spring,5b,3,27,TRUE,physics,,,FALSE,2026-05-07,"cherundolo, steve",19,27,21,16.5,21,21,25,19,22.5,21,21.5,20.5,23.5,21,23.5,21,18.5,21,19,24.5,21,24,21.5
spring,5b,4,21,TRUE,math,,,FALSE,2026-05-07,"nikolav, oka",17.5,19,17.5,16.5,16.5,17,19,18.5,11.5,14,20.5,18,16.5,18.5,18.5,17.5,15,15.5,17,21,17,15,15
spring,5b,5,7,TRUE,physics,,,FALSE,2026-05-07,"razov, ante",5.5,6.5,5.5,5,4.5,6,6,5.5,6.5,5,5.5,5.5,6,5.5,4.5,7,5,4.5,5,6,5.5,5.5,5.5
spring,5b,6,14,TRUE,biology,,,FALSE,2026-05-07,"doran, enrique",10,13.5,10,11.5,9.5,11,11,12,12,12,9,13,12,13,10.5,12,14,10,10.5,14,11.5,11,11
spring,5b,7,3,TRUE,physics,,,FALSE,2026-05-07,"dos santos, marc",2,3,2,2,2.5,3,2,2,2.5,2.5,2.5,2.5,2,2.5,2.5,2.5,2.5,2,2,2.5,2,2.5,2.5
spring,5c,0,0,FALSE,,,,FALSE,2026-05-08,"doran, enrique",3.7,1.8,3.4,4,3.2,3,3.7,null,3.3,2.7,2.9,3.3,3.1,2.2,null,3.4,3,2.7,2.6,1.9,2.6,3.2,2.4
spring,5c,1,10,TRUE,math,physics,,FALSE,2026-05-08,"doran, enrique",8,9,8,7,9,8,8,8.5,8.5,8,8.5,8,9.5,8,8.5,6,7,6,10,8,8.5,8.5,7.5
spring,5c,2,16,TRUE,physics,geology,math,FALSE,2026-05-08,"dos santos, marc",13,14,11.5,15.5,12.5,13.5,13.5,13,12.5,12.5,14,14,13.5,14.5,14.5,12,14,13,13,15,12.5,12.5,9.5
spring,5c,3,1,TRUE,math,,,FALSE,2026-05-08,"thorrington, john",1,1,1,1,1,0.5,0.5,1,0.5,0.5,0.5,1,1,1,1,1,0.5,0.5,1,1,1,1,1
spring,5c,4,1,TRUE,biology,,,FALSE,2026-05-08,"doran, enrique",1,1,0.5,1,0.5,0.5,0.5,0.5,0.5,0.5,1,0.5,0.5,1,0.5,1,1,1,1,1,0.5,1,0.5
spring,5c,5,13,TRUE,chemistry,,,FALSE,2026-05-08,"dos santos, marc",10.5,13,8.5,9,7.5,10,10,10,12.5,11.5,8.5,11,10,10,8.5,10.5,9.5,10,12,12.5,9,11.5,11
spring,5c,6,18,TRUE,biology,geology,,FALSE,2026-05-08,"razov, ante",14.5,18,11.5,15.5,14,16,15.5,12,13,16,15.5,14.5,13,15,15.5,17,15.5,12.5,15,18,18,17,13
spring,5c,7,7,TRUE,chemistry,,,FALSE,2026-05-08,"dos santos, marc",6.5,6.5,6,6.5,5,5.5,4.5,6.5,6,6,5,5.5,6.5,6,5,5.5,5.5,5,5.5,6,4.5,4.5,3.5
spring,5c,8,6,TRUE,geology,math,biology,FALSE,2026-05-08,"thorrington, john",5,4.5,5,4.5,5,5,5,5,5,5,5.5,5.5,5,5,5,5,5,4,6,5,5,4.5,5
spring,5c,9,28,TRUE,geology,math,math,FALSE,2026-05-08,"doran, enrique",21.5,28,18,18,21,23,26,27.5,24.5,28,17.5,24.5,25.5,24,21.5,26,18.5,24.5,22,27.5,19.5,25,21.5
spring,6a,0,0,FALSE,,,,FALSE,2026-05-13,"razov, ante",null,3.1,2.3,2.4,null,2.2,2.6,3,3.6,3,3.1,3.7,3.3,2.5,3.4,3.7,2.8,2.7,2.9,2.8,2.6,3.1,2.9
spring,6a,1,83,TRUE,math,,,FALSE,2026-05-13,"razov, ante",66.5,83,56.5,83,69,51,70,67.5,61,52.5,68,69.5,70,64.5,63,66.5,59,63.5,63,72,56,66,67
spring,6a,2,17,TRUE,chemistry,math,geology,FALSE,2026-05-13,"razov, ante",13.5,17,13.5,17,15,15.5,13.5,14,15,12.5,15,9.5,12.5,13,12,12,10.5,15,13,16.5,13.5,12.5,14.5
spring,6b,0,0,FALSE,,,,FALSE,2026-05-14,"dos santos, marc",2.7,3.5,3.2,3.4,3.4,3.5,2.7,1.8,2.4,3.8,3.3,3.2,2.8,3,2.6,2.9,2.7,3.6,3.2,3,3.2,2.6,3.7
spring,6b,1,1,TRUE,geology,physics,,FALSE,2026-05-14,"dos santos, marc",1,1,0.5,0.5,1,0.5,1,0.5,1,1,0.5,1,1,1,0.5,1,1,1,1,1,1,0.5,0.5
spring,6b,2,5,TRUE,physics,biology,,FALSE,2026-05-14,"doran, enrique",4,4,4.5,3.5,4,4.5,3.5,4,3.5,4,4,5,4,4,4,4,4.5,3.5,4,5,4,3,3
spring,6b,3,2,TRUE,physics,,,FALSE,2026-05-14,"nikolav, oka",1.5,2,1.5,1.5,1.5,1.5,1.5,1.5,1.5,1.5,1.5,1.5,1.5,1.5,1.5,1.5,2,2,1.5,1.5,1.5,1.5,1.5
spring,6b,4,59,TRUE,geology,biology,,FALSE,2026-05-14,"cherundolo, steve",39.5,49.5,38,45,40,34,49.5,46,36,48.5,37.5,51,58,47,45.5,48,43.5,49.5,35,50.5,56.5,48,47
spring,6b,5,33,TRUE,biology,,,FALSE,2026-05-14,"thorrington, john",18.5,33,26,25.5,23.5,28,33,29,28,22,25.5,29,23,27,22,25,21,29,28,26.5,26.5,26,27.5
spring,6c,0,0,FALSE,,,,FALSE,2026-05-15,"dos santos, marc",3.3,3.4,2.5,2.1,3.1,4.1,3.3,2,2.6,2.4,3.1,2,2.9,2.6,2.2,2.3,2.5,3.4,3.1,2.9,3.5,3.2,2.6
spring,6c,1,34,TRUE,math,geology,physics,FALSE,2026-05-15,"thorrington, john",24.5,27,25.5,27,31,27.5,28.5,20,24.5,28.5,25,28,29,26,29.5,30.5,30,24.5,27,27,23.5,22.5,24.5
spring,6c,2,42,TRUE,physics,,,FALSE,2026-05-15,"thorrington, john",19.5,42,29.5,39,30.5,31.5,33,30.5,42,35.5,30.5,30.5,38.5,33,31.5,34.5,31,32.5,20.5,40,30,30,27
spring,6c,3,16,TRUE,chemistry,,,FALSE,2026-05-15,"cherundolo, steve",10,13.5,9.5,12,14,12.5,14.5,12,11.5,13.5,10,13,12,11.5,14.5,13,13,10.5,12,16,13,14,14
spring,6c,4,8,TRUE,geology,chemistry,math,FALSE,2026-05-15,"nikolav, oka",5.5,7,6,6,7,6,7,7,6,6.5,7.5,6,6.5,8,6,7.5,7,6.5,6.5,7,6.5,7,6
spring,7a,0,0,FALSE,,,,FALSE,2026-05-20,"razov, ante",3.8,3.2,3.2,3.4,2.8,2.6,2.4,3.5,2.8,2.9,3,3.3,2.1,3,2.8,3.2,2.3,2.4,3.2,2.5,1.5,2.8,null
spring,7a,1,59,TRUE,geology,,,FALSE,2026-05-20,"cherundolo, steve",50.5,59,55.5,44,47,49,49.5,46.5,44.5,59,43.5,49,53,51.5,50.5,48.5,39.5,45,43,59,55.5,46,42
spring,7a,2,12,TRUE,geology,,,FALSE,2026-05-20,"doran, enrique",10,10,7.5,12,9,11.5,9.5,10,8.5,8.5,11,9.5,10.5,10.5,7.5,9.5,8.5,9.5,8.5,11,9,8.5,11.5
spring,7a,3,8,TRUE,math,,,FALSE,2026-05-20,"dos santos, marc",6.5,7,7.5,5.5,6.5,6,7.5,7,7,6,6.5,7.5,5.5,5,7.5,5.5,6,6,6,6.5,6,7,6
spring,7a,4,2,TRUE,math,biology,geology,FALSE,2026-05-20,"cherundolo, steve",2,2,1,1,2,1.5,1.5,1.5,1.5,1.5,1.5,2,1.5,1.5,1.5,2,2,1.5,1.5,2,2,2,2
spring,7a,5,5,TRUE,physics,chemistry,,FALSE,2026-05-20,"razov, ante",4,5,4,3.5,3,4.5,4.5,4,3.5,4.5,3.5,4,4,3.5,4,4,3.5,4,4,5,4,5,5
spring,7a,6,5,TRUE,chemistry,,,FALSE,2026-05-20,"nikolav, oka",3.5,5,4,3.5,3.5,3.5,3.5,4.5,3.5,3.5,4,3.5,3.5,4,3.5,3.5,3.5,3.5,4,5,4.5,4,4
spring,7a,7,9,TRUE,physics,chemistry,geology,FALSE,2026-05-20,"thorrington, john",8,8,7.5,7,5.5,7,6.5,5.5,7.5,8,8.5,5.5,6,7,5.5,6.5,6.5,6.5,7,8.5,6.5,8.5,6.5
spring,7b,0,0,FALSE,,,,FALSE,2026-05-21,"doran, enrique",3.2,3.6,3.1,2.8,3.2,2.5,3.1,2.8,2.4,2.8,3,2.3,2.9,4.1,2.8,2.8,3.1,3.6,3.1,null,2.3,2.9,2.5
spring,7b,1,60,TRUE,geology,biology,,FALSE,2026-05-21,"nikolav, oka",53.5,57,51.5,44,46,45.5,43.5,55,49,47.5,43,51,54,48.5,38.5,49.5,44.5,41.5,52.5,58,33.5,39.5,47.5
spring,7b,2,36,TRUE,chemistry,,,FALSE,2026-05-21,"thorrington, john",24,36,24,20,32,33.5,28.5,27,18.5,34.5,34.5,33,28.5,31.5,29,35.5,27,25.5,24,27.5,20.5,28.5,24
spring,7b,3,4,TRUE,physics,geology,,FALSE,2026-05-21,"thorrington, john",3,4,3,3,3,3.5,3,3.5,3.5,3,3.5,3,2.5,3,3,3.5,2.5,3,3,3,2,3,3.5
spring,7c,0,0,FALSE,,,,FALSE,2026-05-22,"nikolav, oka",3.6,2.5,4,null,2.4,2.6,null,3.2,1.9,3.1,2.6,2.9,3.1,3.6,3.7,2.9,2.5,2,3,2.3,4.7,2.5,2.7
spring,7c,1,38,TRUE,geology,,,FALSE,2026-05-22,"dos santos, marc",26.5,34,28.5,29,29,32.5,33.5,31,28.5,31.5,29.5,25,33.5,38,29,32,38,27.5,29,36.5,33,30.5,29
spring,7c,2,9,TRUE,geology,,,FALSE,2026-05-22,"nikolav, oka",8.5,8.5,6,7.5,5.5,8,8.5,7.5,7.5,7,7,6.5,7.5,7.5,6,7.5,8,7,7.5,7,6.5,7.5,5.5
spring,7c,3,5,TRUE,biology,physics,,FALSE,2026-05-22,"doran, enrique",3.5,4,3,3,3.5,4,5,4.5,4.5,3.5,4.5,3.5,4.5,5,4,4.5,4,4.5,4.5,4.5,4.5,4.5,4
spring,7c,4,1,TRUE,biology,math,,FALSE,2026-05-22,"nikolav, oka",1,1,1,0.5,1,1,0.5,0.5,1,0.5,1,1,1,1,1,0.5,0.5,1,1,0.5,1,1,0.5
spring,7c,5,7,TRUE,chemistry,,,FALSE,2026-05-22,"nikolav, oka",5.5,6.5,6,5.5,5.5,6,4.5,5,4.5,6,5.5,5.5,6.5,4.5,5,5.5,5,5,6,6,6.5,5.5,6
spring,7c,6,19,TRUE,physics,,,FALSE,2026-05-22,"cherundolo, steve",15.5,18,14,16,15,14,17,14,13,13.5,15,19,16,16,16,17.5,11,16,14.5,18,17.5,13,18
spring,7c,7,11,TRUE,biology,geology,,FALSE,2026-05-22,"doran, enrique",7.5,9.5,7.5,8.5,8,9.5,8,7.5,8,7.5,8,10.5,9.5,8.5,7.5,9.5,11,9,8,10.5,8.5,8,9.5
spring,7c,8,9,TRUE,chemistry,,,FALSE,2026-05-22,"cherundolo, steve",8,8.5,7,6,7,9,8,6.5,6,7.5,9,8.5,7,6.5,6,7,7,7.5,6,7,5.5,7,6.5
spring,7c,9,1,TRUE,math,biology,,FALSE,2026-05-22,"razov, ante",1,1,1,1,1,1,0.5,0.5,0.5,1,1,0.5,0.5,0.5,1,1,1,1,1,1,0.5,1,0.5
spring,8a,0,0,FALSE,,,,FALSE,2026-05-27,"doran, enrique",3.1,2.9,4.4,2.5,2.8,4.1,3,3.3,2.9,2.4,2.2,2.7,3.3,2.3,3.8,3.9,3.7,2.2,3.4,2.9,2.3,2.4,3.6
spring,8a,1,6,TRUE,biology,,,FALSE,2026-05-27,"razov, ante",5,6,5.5,5,5,5,5,3.5,4.5,4.5,4.5,5,5,5,5,5.5,5,5,6,5,5,4.5,4.5
spring,8a,2,18,TRUE,geology,physics,,FALSE,2026-05-27,"thorrington, john",11.5,16.5,12.5,16,14.5,16,13.5,15,10.5,12,15,13,13,14.5,14.5,13,15,15,10,17.5,15.5,14.5,16
spring,8a,3,6,TRUE,math,geology,,FALSE,2026-05-27,"dos santos, marc",5,6,4.5,6,5,4.5,5,6,4,4.5,5,5,4,5,4.5,5,3.5,6,4,6,4.5,5.5,4.5
spring,8a,4,8,TRUE,chemistry,physics,geology,FALSE,2026-05-27,"dos santos, marc",4.5,7,6,6,7.5,6,6.5,6.5,5.5,6,7,6,4,6.5,6,7,7,7,6.5,6.5,6,6,7.5
spring,8a,5,7,TRUE,geology,chemistry,math,FALSE,2026-05-27,"doran, enrique",5.5,6,4,5,5,6,5.5,6,5,5.5,5,5,6,5.5,6.5,5,6,4.5,5,5,6,5.5,4.5
spring,8a,6,1,TRUE,math,,,FALSE,2026-05-27,"thorrington, john",1,1,1,0.5,1,1,0.5,1,1,1,1,1,0.5,0.5,1,0.5,1,1,1,1,1,1,1
spring,8a,7,6,TRUE,geology,chemistry,math,FALSE,2026-05-27,"nikolav, oka",5,5,5,4,3.5,5,5,4.5,5,4,6,4.5,4.5,4,4.5,4.5,5,6,5,6,5,5.5,4
spring,8a,8,1,TRUE,chemistry,math,,FALSE,2026-05-27,"thorrington, john",1,1,0.5,1,1,1,0.5,1,1,0.5,0.5,1,1,0.5,1,1,0.5,0.5,1,1,0.5,1,0.5
spring,8a,9,29,TRUE,math,,,FALSE,2026-05-27,"doran, enrique",25,25.5,24,24,23.5,23,27,22,26,21.5,28,24,25.5,23,20.5,25.5,18.5,20.5,23.5,23.5,22,18.5,20
spring,8a,10,16,TRUE,biology,geology,,FALSE,2026-05-27,"doran, enrique",10,16,11,11.5,11.5,12.5,12,16,13,15,12.5,14,10.5,12,10.5,12,11.5,11.5,13,15,12,14,12
spring,8a,11,2,TRUE,math,,,FALSE,2026-05-27,"razov, ante",1.5,1.5,1.5,2,1.5,2,2,2,1.5,1.5,1.5,1.5,2,1.5,1.5,1.5,1.5,1.5,2,2,1.5,1.5,1.5
spring,8b,0,0,FALSE,,,,FALSE,2026-05-28,"razov, ante",2.7,3,3.4,2.8,3,4.2,3.1,2.8,null,null,3.1,3.4,3.2,2.9,2.9,2.7,3.2,2.3,3.4,3.6,4.2,2.6,4
spring,8b,1,7,TRUE,geology,physics,,FALSE,2026-05-28,"doran, enrique",5,6,5.5,4.5,5,5.5,4,6,6.5,6,6,4.5,6,6,4.5,6,5.5,5,6,7,5.5,6,5
spring,8b,2,22,TRUE,biology,physics,geology,FALSE,2026-05-28,"doran, enrique",17,20,18.5,17,16,16,13.5,16.5,17,17.5,19.5,14.5,18,17,16.5,14.5,17.5,18.5,15,20,17.5,18,18.5
spring,8b,3,38,TRUE,geology,physics,,FALSE,2026-05-28,"razov, ante",25,32.5,25.5,27.5,24,29,29,30.5,26.5,28.5,37,29,26.5,37,24,25.5,24.5,24,31.5,38,28.5,35,29.5
spring,8b,4,22,TRUE,geology,chemistry,physics,FALSE,2026-05-28,"thorrington, john",19.5,20.5,15,20,16,19.5,20,20.5,19,18,21.5,21.5,20.5,19.5,15.5,15,17,22,19.5,19,20.5,19.5,16.5
spring,8b,5,11,TRUE,biology,chemistry,,FALSE,2026-05-28,"doran, enrique",8.5,11,9.5,7,5.5,10,7.5,11,7.5,8.5,9.5,9,7,8,8,9,7.5,8,9,9.5,7.5,7.5,8
spring,8c,0,0,FALSE,,,,FALSE,2026-05-29,"dos santos, marc",3.1,3.6,2.9,3.3,3,3.1,4.2,3.8,4.1,2.3,3.9,3.7,3.2,3.1,2.5,3.1,3.7,2.7,2.6,null,2.8,3.3,2.6
spring,8c,1,5,TRUE,geology,,,FALSE,2026-05-29,"dos santos, marc",4,3.5,4,3,3.5,4,4,4,3.5,4.5,5,4,4.5,3,3.5,2,4,4,3.5,5,3.5,4,5
spring,8c,2,24,TRUE,math,,,FALSE,2026-05-29,"nikolav, oka",19.5,21.5,21.5,15.5,15,19.5,17.5,17,19.5,20,18.5,24,19.5,18.5,22,18,19,24,15,24,17,17,15.5
spring,8c,3,71,TRUE,biology,,,FALSE,2026-05-29,"doran, enrique",53.5,56.5,55.5,55,59.5,61,54,65,43,41,53.5,54.5,69.5,66,51,52,54.5,45.5,54.5,62.5,50,60.5,63
fall,midterm1a,1,44,TRUE,biology,,,FALSE,2025-10-29,"dos santos, marc",34.5,38.5,37.5,43.5,37.5,33.5,31,35.5,37.5,32.5,37.5,32,29.5,24.5,32.5,33,43.5,29.5,28,33.5,31,32.5,34.5
fall,midterm1a,2,4,TRUE,biology,chemistry,,FALSE,2025-10-29,"razov, ante",3.5,3,3.5,3.5,3.5,3,3,2.5,3.5,3,3.5,3,3,3,4,2.5,3.5,3,4,4,3,3,3.5
fall,midterm1a,3,10,TRUE,geology,,,FALSE,2025-10-29,"razov, ante",7,8.5,8.5,8,9,8,8,7.5,7.5,10,7.5,10,8.5,8.5,7,7.5,7,8.5,8.5,8.5,7,7,8.5
fall,midterm1a,4,18,TRUE,math,biology,biology,FALSE,2025-10-29,"doran, enrique",13,18,17,12.5,13.5,14.5,14.5,16.5,11.5,11.5,14,13,13.5,12,12.5,14,14,15,16.5,16.5,13.5,14,14
fall,midterm1a,5,24,TRUE,chemistry,,,FALSE,2025-10-29,"dos santos, marc",18,24,19,20.5,19,18.5,17.5,16.5,19,20.5,21.5,18,18,17,19.5,16,16.5,23.5,21.5,24,20.5,21,20
fall,midterm1b,1,8,TRUE,math,,,FALSE,2025-10-30,"doran, enrique",7.5,7,6,6.5,6.5,6.5,6.5,5,6.5,6.5,6,6,5,6.5,6.5,6,7.5,8,5.5,7,7,8,5.5
fall,midterm1b,2,42,TRUE,chemistry,biology,chemistry,FALSE,2025-10-30,"thorrington, john",32.5,42,34,23.5,36.5,37,30,36,35.5,34,42,32,27,34,29,37,40.5,36.5,38.5,30,30.5,33,33
fall,midterm1b,3,18,TRUE,physics,chemistry,,FALSE,2025-10-30,"thorrington, john",14,18,12.5,15,14.5,12,13,14.5,15,11.5,14.5,12,14,18,15,16.5,15,16.5,13,18,15.5,16,11.5
fall,midterm1b,4,3,TRUE,math,,,FALSE,2025-10-30,"razov, ante",3,2.5,2.5,3,2.5,1.5,2.5,2.5,2,3,2,2.5,2.5,3,2.5,3,2,2.5,2.5,3,2,2,2.5
fall,midterm1b,5,2,TRUE,chemistry,,,FALSE,2025-10-30,"doran, enrique",1.5,2,2,1.5,2,1.5,1.5,1.5,2,2,1.5,1.5,1.5,1,1.5,1.5,2,1.5,2,2,1.5,1.5,1
fall,midterm1b,6,27,TRUE,chemistry,,,FALSE,2025-10-30,"doran, enrique",23.5,27,23,22,20.5,20,23,24.5,22,21,21,24.5,23,19,26.5,24,21.5,26,24.5,24,20,20.5,22.5
fall,midterm1c,1,14,TRUE,physics,math,,FALSE,2025-10-31,"doran, enrique",10,12.5,9,10,12.5,11,11.5,11,11,11.5,11.5,12,10.5,9.5,11.5,12,12,14,11,13.5,11.5,12.5,12
fall,midterm1c,2,2,TRUE,physics,chemistry,,FALSE,2025-10-31,"nikolav, oka",1,2,1.5,2,1.5,2,1.5,1,1.5,1.5,1.5,2,1.5,1.5,1.5,1.5,1.5,1.5,1.5,2,2,2,1.5
fall,midterm1c,3,57,TRUE,physics,,,FALSE,2025-10-31,"doran, enrique",50,57,45.5,42.5,40,45,39.5,42.5,44,44.5,52,48,47.5,38.5,54,51,44,49.5,57,57,39,41,52
fall,midterm1c,4,7,TRUE,math,physics,chemistry,FALSE,2025-10-31,"nikolav, oka",6,6,4.5,6,6,4.5,5.5,5,6,6.5,5,3.5,6,5,5.5,5.5,5.5,5,5,6.5,4.5,6,5.5
fall,midterm1c,5,20,TRUE,geology,biology,,FALSE,2025-10-31,"doran, enrique",14.5,20,16,18.5,15.5,17,17.5,15,20,13.5,14.5,16,14,16.5,20,14.5,16,17,13,19,16.5,15.5,17.5
fall,final1a,1,2,TRUE,biology,,,FALSE,2025-12-03,"cherundolo, steve",1.5,2,2,1.5,1.5,2,1.5,1.5,1.5,1,1,1.5,1.5,1.5,1.5,1,1.5,1.5,1.5,2,1.5,1.5,1.5
fall,final1a,2,8,TRUE,physics,math,biology,FALSE,2025-12-03,"razov, ante",6.5,7.5,7,6,7,7,5,5.5,4.5,5.5,7,5.5,7,6,7,6,7,6.5,7.5,8,6.5,5.5,5
fall,final1a,3,2,TRUE,physics,,,FALSE,2025-12-03,"cherundolo, steve",1.5,2,1.5,2,2,1.5,2,1.5,1.5,2,1.5,2,1.5,1.5,1.5,2,1.5,1.5,1,2,1.5,2,1.5
fall,final1a,4,1,TRUE,biology,,,FALSE,2025-12-03,"dos santos, marc",1,1,0.5,1,1,0.5,1,1,1,1,1,1,1,1,1,0.5,0.5,1,0.5,1,0.5,1,0.5
fall,final1a,5,4,TRUE,biology,,,FALSE,2025-12-03,"razov, ante",3.5,4,3.5,2.5,3.5,3,3,3,3,3.5,3.5,3.5,3.5,3.5,3,3,3.5,3.5,3.5,3.5,4,3,2.5
fall,final1a,6,4,TRUE,geology,physics,chemistry,FALSE,2025-12-03,"doran, enrique",3,3.5,3.5,3,3.5,3,4,3.5,4,3,2.5,3,3.5,2.5,3,3,3,3,2.5,4,2.5,3.5,3
fall,final1a,7,13,TRUE,physics,,,FALSE,2025-12-03,"dos santos, marc",9,13,10,11.5,12,12.5,12,10.5,10,10.5,10.5,9,11,10,8.5,12,9,9.5,9.5,12,9,11,10
fall,final1a,8,5,TRUE,chemistry,,,FALSE,2025-12-03,"dos santos, marc",5,3.5,4,3.5,3.5,4.5,4.5,3,4,4,4,4,4.5,3,3.5,4.5,4,4,3.5,5,5,4.5,4.5
fall,final1a,9,25,TRUE,chemistry,geology,,FALSE,2025-12-03,"razov, ante",20.5,23.5,20,13,23,23,18.5,23.5,16.5,19.5,18.5,24,22,20,20.5,19.5,15,21.5,22.5,19.5,22.5,20,18.5
fall,final1a,10,16,TRUE,math,,,FALSE,2025-12-03,"thorrington, john",16,14,13.5,14,13,11.5,11,13.5,16,14,11,15,10,10,13.5,14,12.5,11.5,11.5,14.5,13.5,14,12
fall,final1a,11,17,TRUE,biology,chemistry,,FALSE,2025-12-03,"thorrington, john",11.5,17,11.5,13,15.5,12,12.5,11,14.5,13,16,14.5,13.5,11.5,13.5,15.5,13.5,13.5,15,17,13.5,12,11
fall,final1a,12,3,TRUE,chemistry,,,FALSE,2025-12-03,"thorrington, john",2.5,3,3,2,2,3,2.5,2,2,2,2.5,2.5,2.5,2,2,2,2,2.5,2.5,2.5,2.5,2.5,3
fall,final1b,1,25,TRUE,chemistry,biology,geology,FALSE,2025-12-04,"cherundolo, steve",18,22.5,19,18,17.5,18.5,20,17.5,17.5,20.5,22.5,22,21,17.5,24,17,18.5,20.5,23.5,23,13.5,18,21.5
fall,final1b,2,14,TRUE,physics,geology,,FALSE,2025-12-04,"doran, enrique",11,13,11,13,10,11.5,12,12.5,11.5,8.5,14,10.5,12,11,12,10,9.5,14,11.5,14,10,10.5,9.5
fall,final1b,3,7,TRUE,chemistry,math,chemistry,FALSE,2025-12-04,"thorrington, john",5.5,6,5,5,5.5,5.5,5.5,6.5,5.5,5.5,6,7,6.5,6,6,6,5,5.5,6.5,6.5,5.5,5,5.5
fall,final1b,4,14,TRUE,math,biology,,FALSE,2025-12-04,"doran, enrique",9.5,14,11.5,11.5,10.5,9,10.5,10.5,11,12.5,7.5,8,11.5,11,10,10,11.5,11.5,8,13,8.5,11,11
fall,final1b,5,26,TRUE,biology,math,physics,FALSE,2025-12-04,"doran, enrique",25,25.5,18,19,18.5,23,16,19.5,21,24,22.5,22,22.5,20.5,17.5,23.5,17,18.5,23,23,22,21,15.5
fall,final1b,6,14,TRUE,math,,,FALSE,2025-12-04,"razov, ante",12,13,10.5,11,12,11.5,12.5,9.5,12.5,10,12.5,13,11.5,10,10.5,7.5,10.5,9.5,7.5,14,13,11.5,11.5
fall,final1c,1,5,TRUE,geology,,,FALSE,2025-12-05,"doran, enrique",4,4.5,3,3.5,5,3,4.5,3.5,3.5,4.5,4,4,4,4.5,4,3,4.5,5,4,4.5,3,4.5,4
fall,final1c,2,1,TRUE,physics,biology,,FALSE,2025-12-05,"razov, ante",1,1,1,0.5,0.5,0.5,0.5,1,1,1,1,1,1,1,0.5,0.5,0.5,1,0.5,1,1,0.5,0.5
fall,final1c,3,1,TRUE,physics,,,FALSE,2025-12-05,"cherundolo, steve",1,1,0.5,1,0.5,1,1,0.5,1,1,1,0.5,1,0.5,1,0.5,0.5,0.5,0.5,1,0.5,1,0.5
fall,final1c,4,9,TRUE,chemistry,physics,,FALSE,2025-12-05,"nikolav, oka",7,8,7.5,6,7,8.5,7,8.5,6,7,7.5,7.5,7.5,5.5,7,8,6.5,5.5,7.5,8.5,7,7.5,7.5
fall,final1c,5,2,TRUE,chemistry,,,FALSE,2025-12-05,"cherundolo, steve",1.5,2,1.5,1.5,1.5,2,2,2,1.5,2,1.5,1.5,1.5,1.5,1.5,1.5,1.5,1.5,1.5,1.5,1.5,1.5,1.5
fall,final1c,6,11,TRUE,geology,,,FALSE,2025-12-05,"dos santos, marc",7.5,11,10.5,9.5,9.5,8.5,9,9.5,6.5,6,7.5,9,6.5,9,9,10,9.5,8.5,10.5,9,9,8,8
fall,final1c,7,22,TRUE,chemistry,biology,geology,FALSE,2025-12-05,"razov, ante",17,22,14,22,16,20.5,18.5,17.5,21,15.5,19,18,17,16,15,16,16.5,14,21.5,20.5,18.5,16.5,20
fall,final1c,8,14,TRUE,geology,,,FALSE,2025-12-05,"razov, ante",10.5,14,10,12,12,11.5,10.5,9.5,13,12.5,11.5,11,9.5,11.5,12,12,12.5,9.5,13,14,12,9.5,9.5
fall,final1c,9,4,TRUE,math,,,FALSE,2025-12-05,"doran, enrique",3,4,3,3,3,3,3.5,2.5,3,3,3.5,4,3,3,3,3.5,3,3,3,4,3,2.5,3
fall,final1c,10,3,TRUE,biology,,,FALSE,2025-12-05,"nikolav, oka",2.5,2.5,2,2,2.5,2.5,2,2,2.5,2.5,2,2.5,2,2.5,2.5,2.5,3,2.5,2,3,2,2.5,2
fall,final1c,11,6,TRUE,chemistry,physics,physics,FALSE,2025-12-05,"razov, ante",5,6,4.5,4,4.5,4.5,5,4.5,4,5,5.5,3.5,5,5,5.5,4.5,4.5,4,5.5,5.5,6,5,4.5
fall,final1c,12,11,TRUE,math,geology,physics,FALSE,2025-12-05,"nikolav, oka",9.5,11,10.5,9.5,8.5,8.5,9.5,11,10,8,8,8,8.5,9,6,7.5,7.5,7.5,10,11,9,8,9.5
fall,final1c,13,3,TRUE,biology,physics,chemistry,FALSE,2025-12-05,"cherundolo, steve",2.5,3,2,3,2,2,2.5,2.5,3,2,2.5,2.5,2,2.5,2.5,3,2.5,2,2.5,3,2.5,2.5,3
fall,final1c,14,6,TRUE,physics,chemistry,,FALSE,2025-12-05,"cherundolo, steve",4,5,4.5,5,5,4.5,4.5,6,6,4.5,5,4.5,5,5.5,5,5,5,5,5.5,4.5,4,4.5,5.5
fall,final1c,15,2,TRUE,physics,,,FALSE,2025-12-05,"thorrington, john",1.5,1.5,2,2,1.5,2,1.5,1.5,1.5,2,2,1.5,2,2,1.5,1.5,1.5,1.5,1.5,2,1.5,1.5,1.5
winter,midterm2a,1,71,TRUE,geology,,,FALSE,2026-02-04,"dos santos, marc",45.5,53,65,59,51,50.5,52,63.5,49,50,49,49,47,63,64.5,50,43,51.5,68,71,44,54.5,57.5
winter,midterm2a,2,7,TRUE,chemistry,geology,math,FALSE,2026-02-04,"doran, enrique",5,6.5,6.5,5.5,5.5,5.5,5,6.5,5.5,6,5.5,6.5,5,7,6.5,6,6,6,7,7,6,4,5
winter,midterm2a,3,15,TRUE,biology,,,FALSE,2026-02-04,"thorrington, john",12.5,15,12,9.5,12,14.5,13.5,13,10.5,12,15,10.5,12.5,12.5,11.5,10,13,13.5,12,15,11.5,11,15
winter,midterm2a,4,1,TRUE,geology,,,FALSE,2026-02-04,"dos santos, marc",1,1,1,1,1,1,1,1,1,1,0.5,1,1,1,1,1,1,1,1,1,1,1,1
winter,midterm2a,5,6,TRUE,chemistry,geology,geology,FALSE,2026-02-04,"doran, enrique",4,6,5,4.5,5,4.5,5,4.5,4.5,4.5,5,5,5,4.5,5,5,3.5,4.5,4.5,5.5,3.5,5.5,4
winter,midterm2b,1,3,TRUE,physics,,,FALSE,2026-02-05,"doran, enrique",2,2.5,2.5,2.5,3,2,2.5,2.5,2,2.5,2.5,2.5,2.5,2.5,2,2,2.5,2,2,3,2.5,2.5,2.5
winter,midterm2b,2,29,TRUE,physics,math,,FALSE,2026-02-05,"cherundolo, steve",22.5,27,23.5,23.5,23,20.5,23.5,29,24,27,22,23.5,22,21,19.5,19.5,20.5,24.5,22,29,27.5,24.5,21.5
winter,midterm2b,3,20,TRUE,geology,math,,FALSE,2026-02-05,"razov, ante",18.5,19.5,16.5,17,17,13,15,15.5,19.5,17,16.5,15.5,13,15.5,17,17,14,15.5,19,18.5,17,18,17
winter,midterm2b,4,10,TRUE,biology,,,FALSE,2026-02-05,"cherundolo, steve",10,10,8,8.5,7,7.5,9,8,7,9,7.5,9,9,8,6.5,7.5,7,8.5,7,9,9,8.5,8
winter,midterm2b,5,35,TRUE,biology,physics,,FALSE,2026-02-05,"nikolav, oka",23.5,29.5,29,26.5,28.5,25.5,27,28,34,21.5,23,21.5,30.5,30,28.5,25,32.5,31,24,29.5,30,32.5,26.5
winter,midterm2b,6,3,TRUE,physics,,,FALSE,2026-02-05,"razov, ante",2,3,2.5,2.5,2,2.5,2.5,2.5,2,2.5,3,2.5,3,2,2.5,2,2,2.5,2.5,3,2.5,2.5,2.5
winter,midterm2c,1,25,TRUE,math,biology,,FALSE,2026-02-06,"nikolav, oka",22.5,19,16.5,20.5,19.5,21.5,21,18,17.5,21.5,23,14.5,20.5,19,18.5,22,18.5,16.5,20.5,21,13,24.5,19.5
winter,midterm2c,2,3,TRUE,math,chemistry,,FALSE,2026-02-06,"doran, enrique",2,3,2,3,2,2.5,2,2,3,2.5,2,2.5,2.5,2,2,2.5,2,3,1.5,3,2.5,2,1.5
winter,midterm2c,3,41,TRUE,geology,chemistry,math,FALSE,2026-02-06,"doran, enrique",36,32.5,32.5,34,31,28,37,33.5,26,28,32,35,35,33,32,34,29,32.5,30,34.5,33.5,34.5,36.5
winter,midterm2c,4,23,TRUE,physics,biology,math,FALSE,2026-02-06,"nikolav, oka",18,18.5,20.5,17,18,15.5,21,16.5,16.5,17.5,18.5,19.5,20.5,17.5,19.5,16,19.5,13,13.5,18.5,20,20.5,14
winter,midterm2c,5,8,TRUE,physics,biology,math,FALSE,2026-02-06,"razov, ante",7,7,6,6,7,7,7,6,6,5.5,5,6.5,7,7,6,5.5,6,5,6.5,8,7,6.5,5.5
winter,final2a,1,9,TRUE,geology,chemistry,,FALSE,2026-03-11,"dos santos, marc",8,8.5,7,6.5,7,8.5,7,6.5,8.5,6,6,6,7.5,6,6.5,7.5,8.5,5,7,9,6.5,7,6.5
winter,final2a,2,1,TRUE,chemistry,,,FALSE,2026-03-11,"cherundolo, steve",1,1,1,1,1,1,0.5,1,0.5,1,1,0.5,1,0.5,1,1,1,1,1,1,1,0.5,0.5
winter,final2a,3,23,TRUE,geology,chemistry,,FALSE,2026-03-11,"doran, enrique",16,21.5,19.5,16,17,19,16,19,20.5,15.5,20,19,17,16.5,21,19,23,16,16,20,19,23,16.5
winter,final2a,4,4,TRUE,geology,,,FALSE,2026-03-11,"cherundolo, steve",3,3.5,3.5,4,3.5,3,3.5,3.5,3,2.5,3.5,4,3.5,4,3,3,3,2.5,2.5,4,3.5,3,3.5
winter,final2a,5,1,TRUE,geology,,,FALSE,2026-03-11,"nikolav, oka",0.5,1,1,1,1,1,1,1,1,0.5,0.5,1,1,1,0.5,1,0.5,0.5,1,1,1,1,0.5
winter,final2a,6,1,TRUE,biology,physics,physics,FALSE,2026-03-11,"razov, ante",1,1,0.5,0.5,1,0.5,1,1,1,0.5,1,1,0.5,1,1,0.5,1,0.5,1,1,0.5,0.5,1
winter,final2a,7,2,TRUE,geology,chemistry,,FALSE,2026-03-11,"dos santos, marc",1.5,1.5,1.5,2,1,1.5,1.5,1,2,1.5,1.5,2,1.5,1.5,1.5,1.5,1.5,1.5,1.5,2,2,1.5,2
winter,final2a,8,17,TRUE,physics,geology,,FALSE,2026-03-11,"nikolav, oka",13,15.5,15,12.5,16.5,10,12.5,13,13.5,14,12.5,12,16,15,11.5,11,12.5,13.5,13,16,14,13.5,15
winter,final2a,9,8,TRUE,chemistry,geology,geology,FALSE,2026-03-11,"doran, enrique",7,7.5,6.5,5.5,8,6,7,7,4,5,6.5,7.5,6.5,6.5,5.5,7,6.5,7,8,7.5,7,5,6.5
winter,final2a,10,6,TRUE,geology,physics,,FALSE,2026-03-11,"dos santos, marc",4.5,6,5.5,4,4.5,4.5,5.5,4,4.5,4.5,4,5,4.5,4,5,4.5,3,4.5,4.5,6,3.5,4.5,4
winter,final2a,11,1,TRUE,biology,biology,,FALSE,2026-03-11,"doran, enrique",1,1,0.5,1,0.5,1,1,1,0.5,1,0.5,1,0.5,1,0.5,0.5,0.5,1,1,1,0.5,0.5,0.5
winter,final2a,12,27,TRUE,geology,,,FALSE,2026-03-11,"cherundolo, steve",23.5,27,15.5,21.5,20.5,22,19.5,17,18,25.5,20,22,23,21.5,24,19,25.5,17.5,18,27,17.5,21.5,19
winter,final2b,1,28,TRUE,math,biology,,FALSE,2026-03-12,"thorrington, john",24,28,20.5,23.5,24.5,21.5,23,23,21.5,23.5,26,23.5,22.5,21.5,19,23.5,21.5,22.5,28,25.5,26.5,23.5,17.5
winter,final2b,2,7,TRUE,physics,,,FALSE,2026-03-12,"nikolav, oka",6.5,6.5,5.5,5.5,5,5,5,5.5,5.5,5.5,5,5,5,5,5,6,5.5,5.5,6,7,5,6.5,5.5
winter,final2b,3,29,TRUE,physics,math,,FALSE,2026-03-12,"razov, ante",20,27.5,24,24,19.5,27,15.5,21.5,20,22,23.5,23.5,22,21,25.5,18,20.5,23.5,25,23,20,29,21
winter,final2b,4,8,TRUE,physics,,,FALSE,2026-03-12,"cherundolo, steve",5,8,7.5,6,7,5.5,7.5,5.5,5.5,7,7.5,5,7,6.5,7,6.5,7,7,5.5,7,7,7,5
winter,final2b,5,2,TRUE,math,physics,biology,FALSE,2026-03-12,"doran, enrique",1.5,2,2,1,1.5,1.5,1.5,1.5,2,1.5,1.5,2,1.5,1.5,1,2,1.5,1.5,1.5,2,2,1.5,1.5
winter,final2b,6,26,TRUE,geology,,,FALSE,2026-03-12,"cherundolo, steve",21,24.5,18.5,26,20.5,17.5,22,21.5,22.5,19,20,19,17.5,16.5,15.5,19,20,20.5,25.5,21.5,19.5,23,21
winter,final2c,1,5,TRUE,math,,,FALSE,2026-03-13,"doran, enrique",2.5,5,4.5,4.5,4,4,4.5,4.5,3.5,3.5,4.5,4,3.5,4,3,4,4,4.5,4,4,4,4.5,4
winter,final2c,2,10,TRUE,geology,,,FALSE,2026-03-13,"doran, enrique",9.5,8.5,8,6.5,7.5,8,8.5,9.5,8.5,8,8.5,7,7,10,9,7.5,9,10,7.5,10,7,7,8.5
winter,final2c,3,2,TRUE,biology,chemistry,,FALSE,2026-03-13,"razov, ante",1.5,2,1.5,1.5,1.5,1.5,1.5,1.5,1.5,1.5,1.5,2,1.5,1.5,1.5,1.5,1,1.5,1,2,2,1.5,2
winter,final2c,4,9,TRUE,physics,,,FALSE,2026-03-13,"cherundolo, steve",7.5,7,7,7.5,8,7.5,7.5,7.5,6,8,7.5,9,7,7.5,6.5,7.5,7,8.5,7.5,9,7,9,6
winter,final2c,5,2,TRUE,math,physics,chemistry,FALSE,2026-03-13,"cherundolo, steve",1,2,2,1.5,2,1.5,1.5,1.5,1.5,1.5,1.5,1.5,2,1.5,1.5,1.5,1.5,1.5,1.5,2,1.5,1.5,1.5
winter,final2c,6,6,TRUE,geology,math,,FALSE,2026-03-13,"cherundolo, steve",4.5,5,5.5,4,4.5,5,5,4.5,4.5,5.5,5,5,5.5,4.5,5.5,5.5,5,4,4.5,5.5,5,4.5,3
winter,final2c,7,15,TRUE,geology,,,FALSE,2026-03-13,"nikolav, oka",11,14,10,11,13,12,12.5,8,10,11.5,13,12,13.5,9.5,13,9.5,11,12,10,14,12,12,14
winter,final2c,8,6,TRUE,biology,math,,FALSE,2026-03-13,"doran, enrique",4,4.5,4,4,4.5,5,4.5,4.5,4,4.5,5,5,5,4.5,5,4.5,6,5.5,5,5.5,5,5,4.5
winter,final2c,9,7,TRUE,chemistry,,,FALSE,2026-03-13,"nikolav, oka",5.5,6.5,6,6.5,5,6,4,6.5,6,5,5.5,6,5.5,5.5,5.5,6.5,6,5.5,6.5,7,4.5,5,4.5
winter,final2c,10,7,TRUE,biology,biology,geology,FALSE,2026-03-13,"razov, ante",6,6.5,6,4.5,5.5,5.5,5,6,5,5.5,5.5,4,4.5,6,5,5,5.5,4.5,6.5,6.5,5.5,5,5
winter,final2c,11,1,TRUE,math,geology,,FALSE,2026-03-13,"cherundolo, steve",1,1,1,1,0.5,1,1,1,1,1,1,1,0.5,1,0.5,1,1,0.5,1,1,1,1,0.5
winter,final2c,12,19,TRUE,physics,chemistry,,FALSE,2026-03-13,"doran, enrique",13.5,16.5,13.5,13.5,13.5,14.5,17.5,12,15.5,14.5,14.5,16.5,18,15,19,14.5,14,14.5,15,17.5,15,15.5,13
winter,final2c,13,1,TRUE,chemistry,physics,,FALSE,2026-03-13,"nikolav, oka",1,1,0.5,1,0.5,0.5,1,1,0.5,1,1,0.5,0.5,0.5,0.5,0.5,1,1,1,1,1,1,1
winter,final2c,14,8,TRUE,biology,physics,,FALSE,2026-03-13,"doran, enrique",5.5,7,8,7.5,6.5,7,5.5,8,5.5,6,6.5,6.5,5.5,5.5,6,5.5,6.5,6,7,6.5,6,5,7
winter,final2c,15,2,TRUE,chemistry,,,FALSE,2026-03-13,"nikolav, oka",1.5,1.5,1,1.5,1.5,1.5,1.5,2,1.5,1,1.5,1.5,1.5,2,1.5,1.5,1,1.5,2,2,1.5,1.5,2
spring,midterm3a,1,16,TRUE,physics,math,,FALSE,2026-04-29,"dos santos, marc",14.5,16,11,14,9.5,12,12,11.5,11.5,14,10.5,12,16,13,12,15,10.5,12,14.5,15,13,15,13
spring,midterm3a,2,10,TRUE,biology,biology,,FALSE,2026-04-29,"razov, ante",9,10,9,9,7.5,8,7.5,9,9.5,7.5,7.5,6.5,8.5,6.5,8,7.5,7.5,8,7,8.5,8.5,6.5,8
spring,midterm3a,3,15,TRUE,biology,physics,,FALSE,2026-04-29,"razov, ante",13,13,10,12.5,12,11,12,12,11,12,12.5,9.5,10.5,14,11.5,12,14,14,13,15,11,11,13
spring,midterm3a,4,2,TRUE,physics,math,physics,FALSE,2026-04-29,"thorrington, john",1.5,2,1.5,1.5,1.5,1.5,1.5,1.5,1.5,1,1.5,2,1.5,1.5,1.5,1.5,2,1.5,1.5,2,1.5,1.5,2
spring,midterm3a,5,57,TRUE,geology,chemistry,,FALSE,2026-04-29,"doran, enrique",45,52.5,42,48,43,34,43.5,51.5,45,45.5,39,49,44,38.5,38.5,47,42,36.5,43,48.5,48,37,49
spring,midterm3b,1,4,TRUE,physics,biology,,FALSE,2026-04-30,"razov, ante",3,4,3,3,3.5,3.5,3,3.5,3.5,3,3,3.5,3,3.5,3.5,4,3,3.5,3.5,3.5,3,2.5,3.5
spring,midterm3b,2,40,TRUE,biology,biology,geology,FALSE,2026-04-30,"thorrington, john",29.5,40,36,30.5,26,27,27,32.5,30,37.5,32.5,28,33.5,29.5,30,31,33,36.5,24.5,40,26,32.5,32
spring,midterm3b,3,47,TRUE,chemistry,biology,biology,FALSE,2026-04-30,"thorrington, john",41,43,36.5,40,42.5,35.5,36,38,38,40.5,33.5,41,36.5,42.5,38.5,38,40,35.5,27,43.5,41,44,32.5
spring,midterm3b,4,6,TRUE,biology,chemistry,,FALSE,2026-04-30,"doran, enrique",5.5,5.5,4.5,5.5,5,5,4,4,3.5,4,4.5,3.5,5.5,4.5,4,5,4.5,5.5,4.5,6,5.5,5,4.5
spring,midterm3b,5,2,TRUE,chemistry,geology,physics,FALSE,2026-04-30,"dos santos, marc",1.5,2,1.5,1.5,1.5,1.5,1.5,1,1.5,1.5,1.5,2,1.5,1.5,1.5,1.5,2,1.5,1.5,2,1.5,1,1.5
spring,midterm3b,6,1,TRUE,math,biology,,FALSE,2026-04-30,"cherundolo, steve",1,1,1,1,0.5,1,0.5,0.5,0.5,0.5,1,1,1,1,0.5,1,0.5,0.5,0.5,1,0.5,0.5,1
spring,midterm3c,1,5,TRUE,math,biology,,FALSE,2026-05-01,"doran, enrique",4.5,5,5,4,4,3,4,4,4,3.5,4.5,3.5,4,4,4.5,4,4,3,4,4.5,4,4.5,4.5
spring,midterm3c,2,26,TRUE,math,,,FALSE,2026-05-01,"dos santos, marc",20.5,24,23,20.5,25,15.5,19.5,17,25.5,19.5,17.5,25.5,16,21,18,22.5,21.5,21.5,23.5,23.5,24,22,24
spring,midterm3c,3,2,TRUE,chemistry,,,FALSE,2026-05-01,"nikolav, oka",1.5,2,1.5,2,2,1.5,1.5,1.5,1.5,2,1.5,2,1.5,1.5,1.5,1.5,2,1.5,1.5,2,2,2,1.5
spring,midterm3c,4,9,TRUE,geology,geology,math,FALSE,2026-05-01,"doran, enrique",6.5,8.5,6,6,6.5,5.5,6.5,8,8,7,6.5,7,6.5,6,7,7,6.5,8,7.5,8.5,6,7,8.5
spring,midterm3c,5,58,TRUE,biology,physics,,FALSE,2026-05-01,"razov, ante",35,55,44,48.5,40.5,48,43,50,53,48.5,51,46.5,49,49.5,44.5,48.5,45.5,52,39.5,58,41,37.5,57.5
spring,final3a,1,10,TRUE,physics,geology,,FALSE,2026-06-03,"nikolav, oka",7.5,9,8.5,8,6,7.5,7.5,5.5,9,6.5,7.5,8.5,7.5,9,8,8,7,8,8.5,9.5,9.5,9,7.5
spring,final3a,2,5,TRUE,chemistry,,,FALSE,2026-06-03,"cherundolo, steve",3.5,5,4.5,4,4,4,4.5,4.5,3.5,4.5,4.5,4.5,4,4,3,4,4,4,4.5,5,3.5,4,4.5
spring,final3a,3,2,TRUE,geology,biology,math,FALSE,2026-06-03,"cherundolo, steve",1.5,1.5,2,1.5,1.5,1.5,1.5,1.5,1.5,1.5,2,1.5,2,1.5,1.5,1.5,2,1.5,2,2,2,2,1.5
spring,final3a,4,19,TRUE,geology,physics,biology,FALSE,2026-06-03,"cherundolo, steve",16,16.5,14,16,14.5,14,13,12.5,15.5,12.5,12.5,13.5,15,12,13,14,13.5,15,11.5,19,15.5,18,15.5
spring,final3a,5,13,TRUE,geology,biology,math,FALSE,2026-06-03,"nikolav, oka",11,11.5,10,9.5,11,9.5,11.5,8,13,9.5,11.5,7.5,9,10,12,9.5,9.5,8.5,9,11,11,10,10
spring,final3a,6,14,TRUE,physics,,,FALSE,2026-06-03,"razov, ante",11.5,12.5,7.5,11.5,13,10.5,9,9,9,11.5,10,10,11,10.5,9.5,13,13.5,9.5,9.5,11.5,11.5,11.5,11
spring,final3a,7,8,TRUE,math,,,FALSE,2026-06-03,"thorrington, john",5.5,7.5,6.5,6.5,4.5,5,6,5.5,6,6.5,6.5,8,5.5,6,6,5,7,6,5,7.5,6.5,5.5,7.5
spring,final3a,8,4,TRUE,biology,geology,,FALSE,2026-06-03,"thorrington, john",3,4,3,3.5,4,3.5,3.5,3.5,3,3,3,3,3.5,3.5,3.5,2.5,2.5,3,3.5,3.5,3,3,3.5
spring,final3a,9,5,TRUE,physics,,,FALSE,2026-06-03,"nikolav, oka",4,5,3,5,4.5,4.5,4,4,3.5,4,3,4.5,4.5,4,3.5,3.5,4.5,4,4,5,4,3,4
spring,final3a,10,2,TRUE,geology,,,FALSE,2026-06-03,"dos santos, marc",1.5,2,1.5,1.5,1.5,1.5,1.5,1.5,1.5,1.5,1.5,1.5,1.5,1.5,1,2,2,1.5,1.5,1.5,1.5,1.5,1.5
spring,final3a,11,4,TRUE,biology,,,FALSE,2026-06-03,"doran, enrique",3.5,4,3.5,4,4,3,2.5,4,2.5,3,3,3,3,3,2.5,2,3,3,3,3.5,3.5,3.5,3
spring,final3a,12,14,TRUE,geology,,,FALSE,2026-06-03,"cherundolo, steve",11.5,13.5,11,12,12,10.5,11.5,8.5,12,12,9,11,12.5,10.5,10,13,13.5,12.5,10,13.5,11,12,12.5
spring,final3b,1,4,TRUE,geology,chemistry,,FALSE,2026-06-04,"dos santos, marc",3.5,4,3,4,3.5,3,3,2.5,3,4,3,3,3.5,3.5,3.5,3,3,3,3,4,3.5,3,3.5
spring,final3b,2,31,TRUE,chemistry,,,FALSE,2026-06-04,"dos santos, marc",23.5,29,24.5,27.5,26,26.5,24,23,23,22.5,24,23,26,26,26,23,28.5,23,27.5,31,29,18.5,23.5
spring,final3b,3,46,TRUE,chemistry,,,FALSE,2026-06-04,"dos santos, marc",35,46,38,41,31,38,28.5,35.5,38,40.5,29.5,39,29,28.5,45,27,35.5,35,32.5,39,32.5,38,43
spring,final3b,4,3,TRUE,math,,,FALSE,2026-06-04,"doran, enrique",3,3,2,2.5,3,2.5,2,2.5,2.5,2,2,2.5,2,2.5,2.5,2.5,2,2.5,2,2.5,2.5,2.5,1.5
spring,final3b,5,7,TRUE,chemistry,physics,,FALSE,2026-06-04,"dos santos, marc",6,7,5.5,5.5,5.5,5,6.5,4.5,5.5,5.5,5.5,5,6,5,6,6.5,5.5,5,6,7,5.5,4.5,5.5
spring,final3b,6,9,TRUE,geology,biology,chemistry,FALSE,2026-06-04,"nikolav, oka",7.5,7.5,7,6.5,7.5,9,7.5,7.5,8,8.5,6.5,6.5,6.5,9,8,7,7.5,8.5,8.5,9,7.5,7.5,6
spring,final3c,1,1,TRUE,biology,,,FALSE,2026-06-05,"thorrington, john",1,1,1,0.5,1,0.5,1,1,1,1,0.5,0.5,1,1,1,1,1,1,0.5,1,1,1,1
spring,final3c,2,3,TRUE,biology,physics,,FALSE,2026-06-05,"nikolav, oka",2,3,2,2,2.5,2,2,2.5,2.5,2,2.5,2,2,3,2,2.5,2.5,2,2.5,3,2.5,2.5,2.5
spring,final3c,3,5,TRUE,geology,physics,geology,FALSE,2026-06-05,"thorrington, john",4,5,3.5,4.5,4,4.5,4,4,3.5,4,5,4,2.5,4,3.5,4,5,3,4,4,3.5,4,3
spring,final3c,4,14,TRUE,geology,physics,,FALSE,2026-06-05,"cherundolo, steve",11,11,14,13,11,14,11,11,11,7.5,12.5,11.5,7.5,12.5,12.5,10.5,10,9.5,11.5,14,12.5,10,9
spring,final3c,5,2,TRUE,chemistry,,,FALSE,2026-06-05,"thorrington, john",1.5,2,1.5,1.5,1.5,1.5,1.5,2,1.5,1.5,2,1.5,1.5,1,1.5,1.5,2,2,1.5,2,1.5,1,1.5
spring,final3c,6,1,TRUE,biology,,,FALSE,2026-06-05,"cherundolo, steve",0.5,1,1,1,1,1,1,1,0.5,1,0.5,1,0.5,1,1,0.5,1,0.5,1,1,1,1,0.5
spring,final3c,7,2,TRUE,math,,,FALSE,2026-06-05,"nikolav, oka",1.5,1.5,1.5,1.5,1.5,1.5,1.5,1.5,1.5,1.5,1.5,1.5,1.5,1.5,1.5,2,1.5,1.5,1.5,2,1.5,1.5,1.5
spring,final3c,8,5,TRUE,math,chemistry,,FALSE,2026-06-05,"doran, enrique",3.5,5,4.5,3.5,4,3,3.5,3.5,3.5,4.5,3.5,4,4.5,4.5,5,3.5,3.5,4,4,5,4.5,4.5,4
spring,final3c,9,10,TRUE,physics,physics,,FALSE,2026-06-05,"razov, ante",6,9,8.5,5.5,7,6.5,7.5,7,9,8.5,8,7.5,9.5,7,8.5,8.5,8,8.5,10,10,5,6.5,8
spring,final3c,10,4,TRUE,math,,,FALSE,2026-06-05,"dos santos, marc",3.5,3,3,2,3,3,3,3.5,2.5,3,3,4,3.5,3.5,4,3,3,3.5,4,4,2.5,3,3.5
spring,final3c,11,22,TRUE,geology,math,,FALSE,2026-06-05,"doran, enrique",19,22,14.5,15,16.5,20,16,16.5,16.5,18,15.5,17,16,16.5,16,21.5,19.5,19,16,20.5,14,18,17
spring,final3c,12,1,TRUE,biology,physics,,FALSE,2026-06-05,"thorrington, john",1,1,0.5,1,1,1,1,1,1,1,1,0.5,0.5,0.5,1,0.5,0.5,1,1,1,1,1,1
spring,final3c,13,21,TRUE,chemistry,geology,math,FALSE,2026-06-05,"thorrington, john",18,21,17,19.5,18,14,17.5,13.5,18,14.5,19,18,16.5,19.5,16,13.5,13.5,15,14,20,18.5,18.5,16.5
spring,final3c,14,7,TRUE,chemistry,math,biology,FALSE,2026-06-05,"razov, ante",6,6,5,5,6.5,5.5,5,4.5,6,5,5,6.5,5,4.5,6,5.5,5.5,6,5,7,4,6,5.5
spring,final3c,15,2,TRUE,math,physics,,FALSE,2026-06-05,"dos santos, marc",1.5,2,1.5,1.5,1.5,1.5,1.5,1.5,1.5,1.5,1.5,1.5,1.5,1.5,1.5,1.5,1.5,1.5,1.5,2,1.5,1.5,2
winter,rfp1,1,1,TRUE,,,,FALSE,2026-01-07,"dos santos, marc",1,1,1,1,1,1,1,1,1,1,1,1,1,1,1,0,1,1,1,1,1,1,1
winter,rfp2,1,1,TRUE,,,,FALSE,2026-01-12,"dos santos, marc",1,1,1,1,1,1,1,1,1,1,1,1,0,1,1,1,1,0,1,1,1,1,1
winter,rfp3,1,1,TRUE,,,,FALSE,2026-01-14,"dos santos, marc",1,1,1,1,1,0,1,1,1,1,1,1,1,1,1,1,1,1,1,1,1,1,1
winter,rfp4,1,1,TRUE,,,,FALSE,2026-01-28,"dos santos, marc",1,1,1,0,1,1,1,1,1,1,1,1,1,1,1,1,1,1,1,1,1,1,1
spring,rfp5,1,1,TRUE,,,,FALSE,2026-03-07,"dos santos, marc",1,1,1,1,1,1,1,1,1,1,1,1,1,1,1,0,1,1,1,1,1,1,1
spring,rfp6,1,1,TRUE,,,,FALSE,2026-03-12,"dos santos, marc",1,1,1,1,1,1,1,1,1,1,1,1,0,1,1,1,1,0,1,1,1,1,1
spring,rfp7,1,1,TRUE,,,,FALSE,2026-04-14,"dos santos, marc",1,1,1,1,1,1,0,1,1,1,1,1,1,1,1,1,1,1,1,1,1,1,1
spring,rfp8,1,1,TRUE,,,,FALSE,2026-04-28,"dos santos, marc",1,1,1,1,0,1,1,1,1,1,1,1,1,1,1,1,1,1,1,1,1,1,1
spring,rfp9,1,1,TRUE,,,,FALSE,2026-05-13,"dos santos, marc",1,1,1,1,1,1,1,1,1,1,1,1,1,1,1,1,1,1,1,1,1,1,1