term,assignment,points,"Amaya, Frankie","Bouanga, Denis","Choiniere, Mathieu","Delgado, Mark","Ebobisse, Jeremy","Hasal, Thomas","Hollingshead, Ryan","Jesus, Igor","Lloris, Hugo","Long, Aaaron","Martinez, David","Moran, Andrew","Nielsen, Kenny","Ordaz, Nathan","Palencia, Sergi","Porteous, Ryan","Raposo, Ryan","Segura, Eddie","Smolyakov, Ardem","Son, Heung Min","Tafari, Nkosi","Tillman, Timothy","Yaboah, Yaw"
fall,week_1,10,10,10,10,10,10,10,10,10,10,10,10,10,10,10,10,10,10,10,10,10,10,10,10
fall,week_2,10,10,10,10,10,10,10,10,10,10,10,10,10,10,10,10,10,10,10,10,10,10,10,2
fall,week_3,10,10,10,8,10,10,10,10,10,10,10,10,10,8,10,10,10,10,6,10,10,10,10,10
fall,week_4,10,10,10,10,10,10,10,10,10,10,10,10,10,10,10,10,10,10,10,10,10,10,10,10
fall,week_5,10,10,10,10,10,10,10,10,10,10,10,10,10,10,10,10,10,10,10,10,10,10,10,10
fall,week_6,10,10,10,10,10,10,10,10,10,10,10,10,10,10,10,10,10,10,10,10,10,10,10,10
fall,week_7,10,10,10,10,10,10,10,10,10,10,10,10,10,10,10,10,10,10,10,10,10,10,10,10
fall,week_8,10,10,10,10,10,10,10,10,10,10,10,10,10,10,6,10,10,10,10,10,10,10,10,10
fall,week_9,10,10,10,10,10,10,10,10,10,10,10,10,10,10,10,10,10,10,10,10,10,10,10,10
fall,week_10,10,10,10,10,10,10,10,10,10,10,10,10,10,10,10,10,10,10,10,10,10,10,10,10
winter,week_1,10,10,10,10,10,10,10,10,10,10,10,10,10,10,10,10,10,10,10,10,10,10,10,10
winter,week_2,10,10,10,6,10,10,10,10,10,10,6,10,10,10,10,10,10,10,10,10,2,10,10,10
winter,week_3,10,10,10,9,10,10,10,8,10,10,10,10,2,10,10,10,10,10,10,10,10,10,10,10
winter,week_4,10,10,10,10,10,10,10,10,10,10,10,10,10,10,10,10,10,10,10,10,10,10,10,10
winter,week_5,10,10,10,10,10,10,10,10,10,10,10,10,10,10,10,10,10,10,10,10,10,10,10,10
winter,week_6,10,10,10,10,10,10,10,10,10,10,10,10,10,10,10,10,10,10,10,10,10,10,10,10
winter,week_7,10,10,10,10,10,10,10,10,10,10,10,10,10,10,10,10,10,10,10,10,10,10,10,10
winter,week_8,10,10,10,10,10,10,10,10,10,10,10,0,10,10,10,10,10,10,10,10,10,10,10,10
winter,week_9,10,10,10,10,10,10,10,10,10,10,10,10,10,10,10,0,10,10,6,10,10,10,10,10
winter,week_10,10,10,10,10,10,10,10,10,10,10,10,10,10,10,10,10,10,10,4,10,10,10,10,10
spring,week_1,10,10,10,10,10,10,10,10,10,10,10,10,10,10,10,10,10,10,10,3,10,10,10,10
spring,week_2,10,10,10,10,10,10,10,10,10,10,10,10,10,10,10,10,10,10,10,10,10,10,10,10
spring,week_3,10,10,10,10,10,10,2,10,10,10,10,10,10,10,10,10,10,10,10,10,10,10,10,10
spring,week_4,10,10,10,10,10,10,10,10,10,10,10,10,10,10,10,10,10,10,10,10,10,10,10,10
spring,week_5,10,10,10,10,10,10,10,10,10,10,10,10,10,10,10,10,10,10,10,10,10,10,10,10
spring,week_6,10,10,10,10,10,10,10,10,10,10,10,10,10,10,10,10,10,10,10,10,10,10,10,10
spring,week_7,10,10,10,10,10,10,10,10,10,10,10,10,10,10,10,10,10,10,10,10,10,10,10,6
spring,week_8,10,10,10,10,2,10,10,10,10,10,10,10,10,10,10,10,10,10,10,10,10,10,10,10
spring,week_9,10,10,10,10,10,10,10,10,10,10,10,10,6,2,10,10,10,10,10,10,10,10,10,10
spring,week_10,10,10,6,10,10,10,6,10,10,10,10,10,10,10,10,10,10,10,10,10,10,10,2,10